Sample	Target	Reads
N10	paramoeba_mito_scf7180000003282_17181-17683_1	13359
N10	perk_mito_lcl_KT261385.1_cds_ALR73785.1_1_2251	106
N10	paramoeba_nuc_scf7180000003537_4360-5238_1	26554
N10	paramoeba_mito_844d98a6-101b-424e-82ab-b4beb7985a5e_16-472_1	21817
N10	perk_mito_lcl_KT261385.1_cds_ALR73787.1_3_1	14222
N10	paramoeba_mito_d9f872cc-4915-4218-bcca-14a2b2446441_79-629_1	21410
N10	paramoeba_mito_scf7180000003282_72335-73819_451	13645
N10	paramoeba_mito_scf7180000003282_2577-3764_451	4482
N10	paramoeba_nuc_2474b264-82c9-41bc-83f7-da2b5b94a433_93-564_1	7268
N10	paramoeba_mito_scf7180000003282_37622-38599_451	6884
N10	perk_mito_lcl_KT261384.1_cds_ALR73784.1_2_1	13435
N10	perk_nuc_scf7180000003402_73894-74460_1	4663
N10	perk_nuc_scf7180000003591_3416-4408_1-990_1	43594
N10	perk_nuc_scf7180000003623_28906-30006_1-1100_1	7217
N10	perk_nuc_scf7180000003752_5410-7175_739-1757_1	29699
N10	perk_nuc_scf7180000003610_11439-12994_245-1203_1	0
N10	paramoeba_nuc_9042c6bc-20c4-4666-9a3b-25d3d5e60837_173-683_1	385
N10	perk_nuc_scf7180000003402_73455-74100_1	14878
N10	perk_nuc_scf7180000003352_71298-72206_1-908_1	12410
N10	perk_nuc_scf7180000003591_3414-9913_1-2291_901	31657
N10	perk_nuc_scf7180000003334_39138-40969_372-1777_1	23636
N10	paramoeba_nuc_9c47213e-a9a3-4bd8-b423-45221f6c0675_1-2364_1801	8523
N10	perk_nuc_scf7180000003602_54737-56021_1-1284_1	4803
N10	perk_nuc_scf7180000003687_22701-24808_4-2107_901	17199
N10	paramoeba_nuc_9c47213e-a9a3-4bd8-b423-45221f6c0675_1-2364_1351	6275
N10	paramoeba_nuc_4f7562e3-280b-4809-b18d-cd20dff1ce4f_1-1988_1351	5066
N10	perk_nuc_scf7180000003687_22703-23724_2-1021_1	9497
N10	perk_nuc_scf7180000003411_95621-97517_1-1896_1	27074
N10	paramoeba_nuc_9c47213e-a9a3-4bd8-b423-45221f6c0675_1-2364_1	5611
N10	paramoeba_nuc_4f7562e3-280b-4809-b18d-cd20dff1ce4f_1-1988_451	5111
N10	perk_nuc_scf7180000003687_28378-29539_1-1161_1	44075
N10	perk_nuc_scf7180000003660_28831-29439_1	8765
N10	perk_nuc_scf7180000003435_20352-22534_1-2182_901	8
N10	perk_nuc_scf7180000003435_21523-22534_1-1011_1	5180
N10	perk_nuc_scf7180000003334_14360-15471_115-1021_1	26253
N10	paramoeba_nuc_scf7180000003402_66620-67222_1	10841
N10	perk_nuc_scf7180000003316_105075-106432_82-1354_1	21140
N10	paramoeba_nuc_scf7180000003517_25093-25627_1	4755
N10	perk_nuc_scf7180000003478_19048-20119_1-1071_1	30442
N10	perk_nuc_scf7180000003897_23035-23940_1-905_1	12338
N10	perk_nuc_scf7180000003532_6044-7296_4-1252_1	5207
N10	paramoeba_nuc_b2668679-a471-4ab8-bea4-f5898a7a47e4_2-467_1	1487
N10	perk_nuc_scf7180000003402_72046-72895_1	7921
N10	perk_nuc_scf7180000003709_72424-73568_3-1144_1	11602
N10	paramoeba_nuc_91d69197-72f2-4926-90b3-b5a468a5a855_27-765_1	8618
N10	perk_nuc_scf7180000003560_925-2762_1-1837_901	16698
N10	perk_nuc_scf7180000003326_75881-76823_1-942_1	5350
N10	perk_nuc_scf7180000003897_16527-17683_3-1156_1	4860
N10	perk_nuc_scf7180000003913_1473-2529_1-1056_1	12869
N10	perk_nuc_scf7180000003454_34019-35215_1-1193_1	4887
N10	perk_nuc_scf7180000003515_97413-101057_1-3580_1501	4254
N10	perk_nuc_scf7180000003515_97393-101483_18-3600_901	6525
N10	paramoeba_nuc_1470934d-65f8-451a-be8f-f65c6f0f857d_1-523_1	24388
N10	paramoeba_mito_scf7180000003282_5381-6781_1	27009
N10	paramoeba_nuc_scf7180000004653_9090-9584_1	208493
N13	paramoeba_mito_scf7180000003282_17181-17683_1	97015
N13	perk_mito_lcl_KT261385.1_cds_ALR73785.1_1_2251	0
N13	paramoeba_nuc_scf7180000003537_4360-5238_1	14662
N13	paramoeba_mito_844d98a6-101b-424e-82ab-b4beb7985a5e_16-472_1	119086
N13	perk_mito_lcl_KT261385.1_cds_ALR73787.1_3_1	9298
N13	paramoeba_mito_d9f872cc-4915-4218-bcca-14a2b2446441_79-629_1	289707
N13	paramoeba_mito_scf7180000003282_72335-73819_451	8522
N13	paramoeba_mito_scf7180000003282_2577-3764_451	1200
N13	paramoeba_nuc_2474b264-82c9-41bc-83f7-da2b5b94a433_93-564_1	1610
N13	paramoeba_mito_scf7180000003282_37622-38599_451	428
N13	perk_mito_lcl_KT261384.1_cds_ALR73784.1_2_1	0
N13	perk_nuc_scf7180000003402_73894-74460_1	331863
N13	perk_nuc_scf7180000003591_3416-4408_1-990_1	144047
N13	perk_nuc_scf7180000003623_28906-30006_1-1100_1	40380
N13	perk_nuc_scf7180000003752_5410-7175_739-1757_1	43646
N13	perk_nuc_scf7180000003610_11439-12994_245-1203_1	0
N13	paramoeba_nuc_9042c6bc-20c4-4666-9a3b-25d3d5e60837_173-683_1	0
N13	perk_nuc_scf7180000003402_73455-74100_1	4574155
N13	perk_nuc_scf7180000003352_71298-72206_1-908_1	4246237
N13	perk_nuc_scf7180000003591_3414-9913_1-2291_901	191195
N13	perk_nuc_scf7180000003334_39138-40969_372-1777_1	21005
N13	paramoeba_nuc_9c47213e-a9a3-4bd8-b423-45221f6c0675_1-2364_1801	2613
N13	perk_nuc_scf7180000003602_54737-56021_1-1284_1	569793
N13	perk_nuc_scf7180000003687_22701-24808_4-2107_901	479485
N13	paramoeba_nuc_9c47213e-a9a3-4bd8-b423-45221f6c0675_1-2364_1351	8544
N13	paramoeba_nuc_4f7562e3-280b-4809-b18d-cd20dff1ce4f_1-1988_1351	1826
N13	perk_nuc_scf7180000003687_22703-23724_2-1021_1	763312
N13	perk_nuc_scf7180000003411_95621-97517_1-1896_1	211312
N13	paramoeba_nuc_9c47213e-a9a3-4bd8-b423-45221f6c0675_1-2364_1	41313
N13	paramoeba_nuc_4f7562e3-280b-4809-b18d-cd20dff1ce4f_1-1988_451	155103
N13	perk_nuc_scf7180000003687_28378-29539_1-1161_1	911589
N13	perk_nuc_scf7180000003660_28831-29439_1	32515
N13	perk_nuc_scf7180000003435_20352-22534_1-2182_901	0
N13	perk_nuc_scf7180000003435_21523-22534_1-1011_1	7926
N13	perk_nuc_scf7180000003334_14360-15471_115-1021_1	813711
N13	paramoeba_nuc_scf7180000003402_66620-67222_1	1183421
N13	perk_nuc_scf7180000003316_105075-106432_82-1354_1	271065
N13	paramoeba_nuc_scf7180000003517_25093-25627_1	1174
N13	perk_nuc_scf7180000003478_19048-20119_1-1071_1	888
N13	perk_nuc_scf7180000003897_23035-23940_1-905_1	19108
N13	perk_nuc_scf7180000003532_6044-7296_4-1252_1	416988
N13	paramoeba_nuc_b2668679-a471-4ab8-bea4-f5898a7a47e4_2-467_1	2499
N13	perk_nuc_scf7180000003402_72046-72895_1	1440
N13	perk_nuc_scf7180000003709_72424-73568_3-1144_1	945830
N13	paramoeba_nuc_91d69197-72f2-4926-90b3-b5a468a5a855_27-765_1	5
N13	perk_nuc_scf7180000003560_925-2762_1-1837_901	568856
N13	perk_nuc_scf7180000003326_75881-76823_1-942_1	85722
N13	perk_nuc_scf7180000003897_16527-17683_3-1156_1	2642208
N13	perk_nuc_scf7180000003913_1473-2529_1-1056_1	476432
N13	perk_nuc_scf7180000003454_34019-35215_1-1193_1	7481
N13	perk_nuc_scf7180000003515_97413-101057_1-3580_1501	871
N13	perk_nuc_scf7180000003515_97393-101483_18-3600_901	850597
N13	paramoeba_nuc_1470934d-65f8-451a-be8f-f65c6f0f857d_1-523_1	5995
N13	paramoeba_mito_scf7180000003282_5381-6781_1	314273
N13	paramoeba_nuc_scf7180000004653_9090-9584_1	973427
N16	paramoeba_mito_scf7180000003282_17181-17683_1	503
N16	perk_mito_lcl_KT261385.1_cds_ALR73785.1_1_2251	0
N16	paramoeba_nuc_scf7180000003537_4360-5238_1	51
N16	paramoeba_mito_844d98a6-101b-424e-82ab-b4beb7985a5e_16-472_1	8273
N16	perk_mito_lcl_KT261385.1_cds_ALR73787.1_3_1	3
N16	paramoeba_mito_d9f872cc-4915-4218-bcca-14a2b2446441_79-629_1	75356
N16	paramoeba_mito_scf7180000003282_72335-73819_451	11585
N16	paramoeba_mito_scf7180000003282_2577-3764_451	10088
N16	paramoeba_nuc_2474b264-82c9-41bc-83f7-da2b5b94a433_93-564_1	1333
N16	paramoeba_mito_scf7180000003282_37622-38599_451	18661
N16	perk_mito_lcl_KT261384.1_cds_ALR73784.1_2_1	0
N16	perk_nuc_scf7180000003402_73894-74460_1	34257
N16	perk_nuc_scf7180000003591_3416-4408_1-990_1	67581
N16	perk_nuc_scf7180000003623_28906-30006_1-1100_1	30724
N16	perk_nuc_scf7180000003752_5410-7175_739-1757_1	37345
N16	perk_nuc_scf7180000003610_11439-12994_245-1203_1	0
N16	paramoeba_nuc_9042c6bc-20c4-4666-9a3b-25d3d5e60837_173-683_1	0
N16	perk_nuc_scf7180000003402_73455-74100_1	1252863
N16	perk_nuc_scf7180000003352_71298-72206_1-908_1	1464113
N16	perk_nuc_scf7180000003591_3414-9913_1-2291_901	466
N16	perk_nuc_scf7180000003334_39138-40969_372-1777_1	7077
N16	paramoeba_nuc_9c47213e-a9a3-4bd8-b423-45221f6c0675_1-2364_1801	14647
N16	perk_nuc_scf7180000003602_54737-56021_1-1284_1	82772
N16	perk_nuc_scf7180000003687_22701-24808_4-2107_901	107816
N16	paramoeba_nuc_9c47213e-a9a3-4bd8-b423-45221f6c0675_1-2364_1351	0
N16	paramoeba_nuc_4f7562e3-280b-4809-b18d-cd20dff1ce4f_1-1988_1351	8
N16	perk_nuc_scf7180000003687_22703-23724_2-1021_1	67069
N16	perk_nuc_scf7180000003411_95621-97517_1-1896_1	37802
N16	paramoeba_nuc_9c47213e-a9a3-4bd8-b423-45221f6c0675_1-2364_1	4119
N16	paramoeba_nuc_4f7562e3-280b-4809-b18d-cd20dff1ce4f_1-1988_451	2377
N16	perk_nuc_scf7180000003687_28378-29539_1-1161_1	79470
N16	perk_nuc_scf7180000003660_28831-29439_1	1709
N16	perk_nuc_scf7180000003435_20352-22534_1-2182_901	0
N16	perk_nuc_scf7180000003435_21523-22534_1-1011_1	14181
N16	perk_nuc_scf7180000003334_14360-15471_115-1021_1	124608
N16	paramoeba_nuc_scf7180000003402_66620-67222_1	66429
N16	perk_nuc_scf7180000003316_105075-106432_82-1354_1	7915
N16	paramoeba_nuc_scf7180000003517_25093-25627_1	7636
N16	perk_nuc_scf7180000003478_19048-20119_1-1071_1	104
N16	perk_nuc_scf7180000003897_23035-23940_1-905_1	2979
N16	perk_nuc_scf7180000003532_6044-7296_4-1252_1	19557
N16	paramoeba_nuc_b2668679-a471-4ab8-bea4-f5898a7a47e4_2-467_1	11475
N16	perk_nuc_scf7180000003402_72046-72895_1	8945
N16	perk_nuc_scf7180000003709_72424-73568_3-1144_1	38032
N16	paramoeba_nuc_91d69197-72f2-4926-90b3-b5a468a5a855_27-765_1	31
N16	perk_nuc_scf7180000003560_925-2762_1-1837_901	291769
N16	perk_nuc_scf7180000003326_75881-76823_1-942_1	22444
N16	perk_nuc_scf7180000003897_16527-17683_3-1156_1	1511932
N16	perk_nuc_scf7180000003913_1473-2529_1-1056_1	573610
N16	perk_nuc_scf7180000003454_34019-35215_1-1193_1	8126
N16	perk_nuc_scf7180000003515_97413-101057_1-3580_1501	37
N16	perk_nuc_scf7180000003515_97393-101483_18-3600_901	40266
N16	paramoeba_nuc_1470934d-65f8-451a-be8f-f65c6f0f857d_1-523_1	4793
N16	paramoeba_mito_scf7180000003282_5381-6781_1	83175
N16	paramoeba_nuc_scf7180000004653_9090-9584_1	296647
N17	paramoeba_mito_scf7180000003282_17181-17683_1	723
N17	perk_mito_lcl_KT261385.1_cds_ALR73785.1_1_2251	0
N17	paramoeba_nuc_scf7180000003537_4360-5238_1	44
N17	paramoeba_mito_844d98a6-101b-424e-82ab-b4beb7985a5e_16-472_1	10422
N17	perk_mito_lcl_KT261385.1_cds_ALR73787.1_3_1	4
N17	paramoeba_mito_d9f872cc-4915-4218-bcca-14a2b2446441_79-629_1	115672
N17	paramoeba_mito_scf7180000003282_72335-73819_451	46603
N17	paramoeba_mito_scf7180000003282_2577-3764_451	5877
N17	paramoeba_nuc_2474b264-82c9-41bc-83f7-da2b5b94a433_93-564_1	557
N17	paramoeba_mito_scf7180000003282_37622-38599_451	26073
N17	perk_mito_lcl_KT261384.1_cds_ALR73784.1_2_1	0
N17	perk_nuc_scf7180000003402_73894-74460_1	20795
N17	perk_nuc_scf7180000003591_3416-4408_1-990_1	54491
N17	perk_nuc_scf7180000003623_28906-30006_1-1100_1	43320
N17	perk_nuc_scf7180000003752_5410-7175_739-1757_1	35159
N17	perk_nuc_scf7180000003610_11439-12994_245-1203_1	0
N17	paramoeba_nuc_9042c6bc-20c4-4666-9a3b-25d3d5e60837_173-683_1	0
N17	perk_nuc_scf7180000003402_73455-74100_1	2335360
N17	perk_nuc_scf7180000003352_71298-72206_1-908_1	2584309
N17	perk_nuc_scf7180000003591_3414-9913_1-2291_901	1155
N17	perk_nuc_scf7180000003334_39138-40969_372-1777_1	5088
N17	paramoeba_nuc_9c47213e-a9a3-4bd8-b423-45221f6c0675_1-2364_1801	9625
N17	perk_nuc_scf7180000003602_54737-56021_1-1284_1	51351
N17	perk_nuc_scf7180000003687_22701-24808_4-2107_901	151593
N17	paramoeba_nuc_9c47213e-a9a3-4bd8-b423-45221f6c0675_1-2364_1351	0
N17	paramoeba_nuc_4f7562e3-280b-4809-b18d-cd20dff1ce4f_1-1988_1351	0
N17	perk_nuc_scf7180000003687_22703-23724_2-1021_1	34017
N17	perk_nuc_scf7180000003411_95621-97517_1-1896_1	33701
N17	paramoeba_nuc_9c47213e-a9a3-4bd8-b423-45221f6c0675_1-2364_1	1191
N17	paramoeba_nuc_4f7562e3-280b-4809-b18d-cd20dff1ce4f_1-1988_451	1884
N17	perk_nuc_scf7180000003687_28378-29539_1-1161_1	78496
N17	perk_nuc_scf7180000003660_28831-29439_1	1815
N17	perk_nuc_scf7180000003435_20352-22534_1-2182_901	0
N17	perk_nuc_scf7180000003435_21523-22534_1-1011_1	481
N17	perk_nuc_scf7180000003334_14360-15471_115-1021_1	150819
N17	paramoeba_nuc_scf7180000003402_66620-67222_1	86436
N17	perk_nuc_scf7180000003316_105075-106432_82-1354_1	6658
N17	paramoeba_nuc_scf7180000003517_25093-25627_1	2237
N17	perk_nuc_scf7180000003478_19048-20119_1-1071_1	30
N17	perk_nuc_scf7180000003897_23035-23940_1-905_1	1032
N17	perk_nuc_scf7180000003532_6044-7296_4-1252_1	21147
N17	paramoeba_nuc_b2668679-a471-4ab8-bea4-f5898a7a47e4_2-467_1	6384
N17	perk_nuc_scf7180000003402_72046-72895_1	4614
N17	perk_nuc_scf7180000003709_72424-73568_3-1144_1	66865
N17	paramoeba_nuc_91d69197-72f2-4926-90b3-b5a468a5a855_27-765_1	15
N17	perk_nuc_scf7180000003560_925-2762_1-1837_901	264978
N17	perk_nuc_scf7180000003326_75881-76823_1-942_1	8245
N17	perk_nuc_scf7180000003897_16527-17683_3-1156_1	3128482
N17	perk_nuc_scf7180000003913_1473-2529_1-1056_1	137721
N17	perk_nuc_scf7180000003454_34019-35215_1-1193_1	459
N17	perk_nuc_scf7180000003515_97413-101057_1-3580_1501	28
N17	perk_nuc_scf7180000003515_97393-101483_18-3600_901	55113
N17	paramoeba_nuc_1470934d-65f8-451a-be8f-f65c6f0f857d_1-523_1	4153
N17	paramoeba_mito_scf7180000003282_5381-6781_1	113615
N17	paramoeba_nuc_scf7180000004653_9090-9584_1	314873
N18	paramoeba_mito_scf7180000003282_17181-17683_1	1026
N18	perk_mito_lcl_KT261385.1_cds_ALR73785.1_1_2251	0
N18	paramoeba_nuc_scf7180000003537_4360-5238_1	39
N18	paramoeba_mito_844d98a6-101b-424e-82ab-b4beb7985a5e_16-472_1	43343
N18	perk_mito_lcl_KT261385.1_cds_ALR73787.1_3_1	0
N18	paramoeba_mito_d9f872cc-4915-4218-bcca-14a2b2446441_79-629_1	228507
N18	paramoeba_mito_scf7180000003282_72335-73819_451	60502
N18	paramoeba_mito_scf7180000003282_2577-3764_451	5649
N18	paramoeba_nuc_2474b264-82c9-41bc-83f7-da2b5b94a433_93-564_1	2229
N18	paramoeba_mito_scf7180000003282_37622-38599_451	26216
N18	perk_mito_lcl_KT261384.1_cds_ALR73784.1_2_1	9
N18	perk_nuc_scf7180000003402_73894-74460_1	49190
N18	perk_nuc_scf7180000003591_3416-4408_1-990_1	71364
N18	perk_nuc_scf7180000003623_28906-30006_1-1100_1	37855
N18	perk_nuc_scf7180000003752_5410-7175_739-1757_1	41685
N18	perk_nuc_scf7180000003610_11439-12994_245-1203_1	0
N18	paramoeba_nuc_9042c6bc-20c4-4666-9a3b-25d3d5e60837_173-683_1	0
N18	perk_nuc_scf7180000003402_73455-74100_1	1712498
N18	perk_nuc_scf7180000003352_71298-72206_1-908_1	2114584
N18	perk_nuc_scf7180000003591_3414-9913_1-2291_901	906
N18	perk_nuc_scf7180000003334_39138-40969_372-1777_1	42587
N18	paramoeba_nuc_9c47213e-a9a3-4bd8-b423-45221f6c0675_1-2364_1801	7197
N18	perk_nuc_scf7180000003602_54737-56021_1-1284_1	148327
N18	perk_nuc_scf7180000003687_22701-24808_4-2107_901	164483
N18	paramoeba_nuc_9c47213e-a9a3-4bd8-b423-45221f6c0675_1-2364_1351	3
N18	paramoeba_nuc_4f7562e3-280b-4809-b18d-cd20dff1ce4f_1-1988_1351	0
N18	perk_nuc_scf7180000003687_22703-23724_2-1021_1	86501
N18	perk_nuc_scf7180000003411_95621-97517_1-1896_1	81437
N18	paramoeba_nuc_9c47213e-a9a3-4bd8-b423-45221f6c0675_1-2364_1	8768
N18	paramoeba_nuc_4f7562e3-280b-4809-b18d-cd20dff1ce4f_1-1988_451	1254
N18	perk_nuc_scf7180000003687_28378-29539_1-1161_1	162380
N18	perk_nuc_scf7180000003660_28831-29439_1	1587
N18	perk_nuc_scf7180000003435_20352-22534_1-2182_901	0
N18	perk_nuc_scf7180000003435_21523-22534_1-1011_1	1890
N18	perk_nuc_scf7180000003334_14360-15471_115-1021_1	268629
N18	paramoeba_nuc_scf7180000003402_66620-67222_1	179584
N18	perk_nuc_scf7180000003316_105075-106432_82-1354_1	30903
N18	paramoeba_nuc_scf7180000003517_25093-25627_1	2318
N18	perk_nuc_scf7180000003478_19048-20119_1-1071_1	366
N18	perk_nuc_scf7180000003897_23035-23940_1-905_1	14904
N18	perk_nuc_scf7180000003532_6044-7296_4-1252_1	101724
N18	paramoeba_nuc_b2668679-a471-4ab8-bea4-f5898a7a47e4_2-467_1	12993
N18	perk_nuc_scf7180000003402_72046-72895_1	3636
N18	perk_nuc_scf7180000003709_72424-73568_3-1144_1	94697
N18	paramoeba_nuc_91d69197-72f2-4926-90b3-b5a468a5a855_27-765_1	18
N18	perk_nuc_scf7180000003560_925-2762_1-1837_901	391117
N18	perk_nuc_scf7180000003326_75881-76823_1-942_1	20554
N18	perk_nuc_scf7180000003897_16527-17683_3-1156_1	2477869
N18	perk_nuc_scf7180000003913_1473-2529_1-1056_1	469505
N18	perk_nuc_scf7180000003454_34019-35215_1-1193_1	5169
N18	perk_nuc_scf7180000003515_97413-101057_1-3580_1501	86
N18	perk_nuc_scf7180000003515_97393-101483_18-3600_901	138376
N18	paramoeba_nuc_1470934d-65f8-451a-be8f-f65c6f0f857d_1-523_1	4046
N18	paramoeba_mito_scf7180000003282_5381-6781_1	228902
N18	paramoeba_nuc_scf7180000004653_9090-9584_1	605828
N21	paramoeba_mito_scf7180000003282_17181-17683_1	500
N21	perk_mito_lcl_KT261385.1_cds_ALR73785.1_1_2251	0
N21	paramoeba_nuc_scf7180000003537_4360-5238_1	114
N21	paramoeba_mito_844d98a6-101b-424e-82ab-b4beb7985a5e_16-472_1	16519
N21	perk_mito_lcl_KT261385.1_cds_ALR73787.1_3_1	0
N21	paramoeba_mito_d9f872cc-4915-4218-bcca-14a2b2446441_79-629_1	166320
N21	paramoeba_mito_scf7180000003282_72335-73819_451	60197
N21	paramoeba_mito_scf7180000003282_2577-3764_451	5158
N21	paramoeba_nuc_2474b264-82c9-41bc-83f7-da2b5b94a433_93-564_1	1330
N21	paramoeba_mito_scf7180000003282_37622-38599_451	37820
N21	perk_mito_lcl_KT261384.1_cds_ALR73784.1_2_1	29
N21	perk_nuc_scf7180000003402_73894-74460_1	32706
N21	perk_nuc_scf7180000003591_3416-4408_1-990_1	53126
N21	perk_nuc_scf7180000003623_28906-30006_1-1100_1	38563
N21	perk_nuc_scf7180000003752_5410-7175_739-1757_1	37936
N21	perk_nuc_scf7180000003610_11439-12994_245-1203_1	0
N21	paramoeba_nuc_9042c6bc-20c4-4666-9a3b-25d3d5e60837_173-683_1	0
N21	perk_nuc_scf7180000003402_73455-74100_1	1474337
N21	perk_nuc_scf7180000003352_71298-72206_1-908_1	1656786
N21	perk_nuc_scf7180000003591_3414-9913_1-2291_901	890
N21	perk_nuc_scf7180000003334_39138-40969_372-1777_1	52561
N21	paramoeba_nuc_9c47213e-a9a3-4bd8-b423-45221f6c0675_1-2364_1801	1178
N21	perk_nuc_scf7180000003602_54737-56021_1-1284_1	148846
N21	perk_nuc_scf7180000003687_22701-24808_4-2107_901	115604
N21	paramoeba_nuc_9c47213e-a9a3-4bd8-b423-45221f6c0675_1-2364_1351	0
N21	paramoeba_nuc_4f7562e3-280b-4809-b18d-cd20dff1ce4f_1-1988_1351	0
N21	perk_nuc_scf7180000003687_22703-23724_2-1021_1	91355
N21	perk_nuc_scf7180000003411_95621-97517_1-1896_1	64979
N21	paramoeba_nuc_9c47213e-a9a3-4bd8-b423-45221f6c0675_1-2364_1	13099
N21	paramoeba_nuc_4f7562e3-280b-4809-b18d-cd20dff1ce4f_1-1988_451	869
N21	perk_nuc_scf7180000003687_28378-29539_1-1161_1	116447
N21	perk_nuc_scf7180000003660_28831-29439_1	3784
N21	perk_nuc_scf7180000003435_20352-22534_1-2182_901	0
N21	perk_nuc_scf7180000003435_21523-22534_1-1011_1	1639
N21	perk_nuc_scf7180000003334_14360-15471_115-1021_1	342630
N21	paramoeba_nuc_scf7180000003402_66620-67222_1	152136
N21	perk_nuc_scf7180000003316_105075-106432_82-1354_1	14618
N21	paramoeba_nuc_scf7180000003517_25093-25627_1	1895
N21	perk_nuc_scf7180000003478_19048-20119_1-1071_1	67
N21	perk_nuc_scf7180000003897_23035-23940_1-905_1	5027
N21	perk_nuc_scf7180000003532_6044-7296_4-1252_1	58738
N21	paramoeba_nuc_b2668679-a471-4ab8-bea4-f5898a7a47e4_2-467_1	12417
N21	perk_nuc_scf7180000003402_72046-72895_1	4625
N21	perk_nuc_scf7180000003709_72424-73568_3-1144_1	80696
N21	paramoeba_nuc_91d69197-72f2-4926-90b3-b5a468a5a855_27-765_1	22
N21	perk_nuc_scf7180000003560_925-2762_1-1837_901	321822
N21	perk_nuc_scf7180000003326_75881-76823_1-942_1	22089
N21	perk_nuc_scf7180000003897_16527-17683_3-1156_1	2096442
N21	perk_nuc_scf7180000003913_1473-2529_1-1056_1	353765
N21	perk_nuc_scf7180000003454_34019-35215_1-1193_1	4821
N21	perk_nuc_scf7180000003515_97413-101057_1-3580_1501	27
N21	perk_nuc_scf7180000003515_97393-101483_18-3600_901	107149
N21	paramoeba_nuc_1470934d-65f8-451a-be8f-f65c6f0f857d_1-523_1	1914
N21	paramoeba_mito_scf7180000003282_5381-6781_1	164912
N21	paramoeba_nuc_scf7180000004653_9090-9584_1	343170
N22	paramoeba_mito_scf7180000003282_17181-17683_1	51636
N22	perk_mito_lcl_KT261385.1_cds_ALR73785.1_1_2251	2045
N22	paramoeba_nuc_scf7180000003537_4360-5238_1	18401
N22	paramoeba_mito_844d98a6-101b-424e-82ab-b4beb7985a5e_16-472_1	69056
N22	perk_mito_lcl_KT261385.1_cds_ALR73787.1_3_1	24250
N22	paramoeba_mito_d9f872cc-4915-4218-bcca-14a2b2446441_79-629_1	160687
N22	paramoeba_mito_scf7180000003282_72335-73819_451	28716
N22	paramoeba_mito_scf7180000003282_2577-3764_451	9089
N22	paramoeba_nuc_2474b264-82c9-41bc-83f7-da2b5b94a433_93-564_1	24044
N22	paramoeba_mito_scf7180000003282_37622-38599_451	3208
N22	perk_mito_lcl_KT261384.1_cds_ALR73784.1_2_1	15032
N22	perk_nuc_scf7180000003402_73894-74460_1	232146
N22	perk_nuc_scf7180000003591_3416-4408_1-990_1	46593
N22	perk_nuc_scf7180000003623_28906-30006_1-1100_1	21980
N22	perk_nuc_scf7180000003752_5410-7175_739-1757_1	27433
N22	perk_nuc_scf7180000003610_11439-12994_245-1203_1	0
N22	paramoeba_nuc_9042c6bc-20c4-4666-9a3b-25d3d5e60837_173-683_1	3994
N22	perk_nuc_scf7180000003402_73455-74100_1	815578
N22	perk_nuc_scf7180000003352_71298-72206_1-908_1	848881
N22	perk_nuc_scf7180000003591_3414-9913_1-2291_901	11779
N22	perk_nuc_scf7180000003334_39138-40969_372-1777_1	18675
N22	paramoeba_nuc_9c47213e-a9a3-4bd8-b423-45221f6c0675_1-2364_1801	10992
N22	perk_nuc_scf7180000003602_54737-56021_1-1284_1	174874
N22	perk_nuc_scf7180000003687_22701-24808_4-2107_901	306
N22	paramoeba_nuc_9c47213e-a9a3-4bd8-b423-45221f6c0675_1-2364_1351	778
N22	paramoeba_nuc_4f7562e3-280b-4809-b18d-cd20dff1ce4f_1-1988_1351	372
N22	perk_nuc_scf7180000003687_22703-23724_2-1021_1	191841
N22	perk_nuc_scf7180000003411_95621-97517_1-1896_1	37256
N22	paramoeba_nuc_9c47213e-a9a3-4bd8-b423-45221f6c0675_1-2364_1	25897
N22	paramoeba_nuc_4f7562e3-280b-4809-b18d-cd20dff1ce4f_1-1988_451	70084
N22	perk_nuc_scf7180000003687_28378-29539_1-1161_1	144216
N22	perk_nuc_scf7180000003660_28831-29439_1	48263
N22	perk_nuc_scf7180000003435_20352-22534_1-2182_901	0
N22	perk_nuc_scf7180000003435_21523-22534_1-1011_1	15985
N22	perk_nuc_scf7180000003334_14360-15471_115-1021_1	112685
N22	paramoeba_nuc_scf7180000003402_66620-67222_1	251601
N22	perk_nuc_scf7180000003316_105075-106432_82-1354_1	111828
N22	paramoeba_nuc_scf7180000003517_25093-25627_1	10021
N22	perk_nuc_scf7180000003478_19048-20119_1-1071_1	18892
N22	perk_nuc_scf7180000003897_23035-23940_1-905_1	23508
N22	perk_nuc_scf7180000003532_6044-7296_4-1252_1	112015
N22	paramoeba_nuc_b2668679-a471-4ab8-bea4-f5898a7a47e4_2-467_1	10094
N22	perk_nuc_scf7180000003402_72046-72895_1	9592
N22	perk_nuc_scf7180000003709_72424-73568_3-1144_1	82277
N22	paramoeba_nuc_91d69197-72f2-4926-90b3-b5a468a5a855_27-765_1	1409
N22	perk_nuc_scf7180000003560_925-2762_1-1837_901	143428
N22	perk_nuc_scf7180000003326_75881-76823_1-942_1	23397
N22	perk_nuc_scf7180000003897_16527-17683_3-1156_1	587539
N22	perk_nuc_scf7180000003913_1473-2529_1-1056_1	141019
N22	perk_nuc_scf7180000003454_34019-35215_1-1193_1	9598
N22	perk_nuc_scf7180000003515_97413-101057_1-3580_1501	47455
N22	perk_nuc_scf7180000003515_97393-101483_18-3600_901	110448
N22	paramoeba_nuc_1470934d-65f8-451a-be8f-f65c6f0f857d_1-523_1	15940
N22	paramoeba_mito_scf7180000003282_5381-6781_1	172246
N22	paramoeba_nuc_scf7180000004653_9090-9584_1	614199
N23	paramoeba_mito_scf7180000003282_17181-17683_1	579
N23	perk_mito_lcl_KT261385.1_cds_ALR73785.1_1_2251	0
N23	paramoeba_nuc_scf7180000003537_4360-5238_1	6
N23	paramoeba_mito_844d98a6-101b-424e-82ab-b4beb7985a5e_16-472_1	1762
N23	perk_mito_lcl_KT261385.1_cds_ALR73787.1_3_1	0
N23	paramoeba_mito_d9f872cc-4915-4218-bcca-14a2b2446441_79-629_1	17899
N23	paramoeba_mito_scf7180000003282_72335-73819_451	3430
N23	paramoeba_mito_scf7180000003282_2577-3764_451	524
N23	paramoeba_nuc_2474b264-82c9-41bc-83f7-da2b5b94a433_93-564_1	537
N23	paramoeba_mito_scf7180000003282_37622-38599_451	566
N23	perk_mito_lcl_KT261384.1_cds_ALR73784.1_2_1	0
N23	perk_nuc_scf7180000003402_73894-74460_1	10394
N23	perk_nuc_scf7180000003591_3416-4408_1-990_1	4279
N23	perk_nuc_scf7180000003623_28906-30006_1-1100_1	1985
N23	perk_nuc_scf7180000003752_5410-7175_739-1757_1	2257
N23	perk_nuc_scf7180000003610_11439-12994_245-1203_1	0
N23	paramoeba_nuc_9042c6bc-20c4-4666-9a3b-25d3d5e60837_173-683_1	0
N23	perk_nuc_scf7180000003402_73455-74100_1	76815
N23	perk_nuc_scf7180000003352_71298-72206_1-908_1	75492
N23	perk_nuc_scf7180000003591_3414-9913_1-2291_901	1063
N23	perk_nuc_scf7180000003334_39138-40969_372-1777_1	486
N23	paramoeba_nuc_9c47213e-a9a3-4bd8-b423-45221f6c0675_1-2364_1801	777
N23	perk_nuc_scf7180000003602_54737-56021_1-1284_1	9113
N23	perk_nuc_scf7180000003687_22701-24808_4-2107_901	10284
N23	paramoeba_nuc_9c47213e-a9a3-4bd8-b423-45221f6c0675_1-2364_1351	0
N23	paramoeba_nuc_4f7562e3-280b-4809-b18d-cd20dff1ce4f_1-1988_1351	0
N23	perk_nuc_scf7180000003687_22703-23724_2-1021_1	4620
N23	perk_nuc_scf7180000003411_95621-97517_1-1896_1	3863
N23	paramoeba_nuc_9c47213e-a9a3-4bd8-b423-45221f6c0675_1-2364_1	1252
N23	paramoeba_nuc_4f7562e3-280b-4809-b18d-cd20dff1ce4f_1-1988_451	238
N23	perk_nuc_scf7180000003687_28378-29539_1-1161_1	13573
N23	perk_nuc_scf7180000003660_28831-29439_1	780
N23	perk_nuc_scf7180000003435_20352-22534_1-2182_901	0
N23	perk_nuc_scf7180000003435_21523-22534_1-1011_1	1084
N23	perk_nuc_scf7180000003334_14360-15471_115-1021_1	8683
N23	paramoeba_nuc_scf7180000003402_66620-67222_1	12011
N23	perk_nuc_scf7180000003316_105075-106432_82-1354_1	24
N23	paramoeba_nuc_scf7180000003517_25093-25627_1	189
N23	perk_nuc_scf7180000003478_19048-20119_1-1071_1	38
N23	perk_nuc_scf7180000003897_23035-23940_1-905_1	637
N23	perk_nuc_scf7180000003532_6044-7296_4-1252_1	3050
N23	paramoeba_nuc_b2668679-a471-4ab8-bea4-f5898a7a47e4_2-467_1	576
N23	perk_nuc_scf7180000003402_72046-72895_1	274
N23	perk_nuc_scf7180000003709_72424-73568_3-1144_1	7419
N23	paramoeba_nuc_91d69197-72f2-4926-90b3-b5a468a5a855_27-765_1	4
N23	perk_nuc_scf7180000003560_925-2762_1-1837_901	16738
N23	perk_nuc_scf7180000003326_75881-76823_1-942_1	2532
N23	perk_nuc_scf7180000003897_16527-17683_3-1156_1	55867
N23	perk_nuc_scf7180000003913_1473-2529_1-1056_1	17593
N23	perk_nuc_scf7180000003454_34019-35215_1-1193_1	708
N23	perk_nuc_scf7180000003515_97413-101057_1-3580_1501	4
N23	perk_nuc_scf7180000003515_97393-101483_18-3600_901	9811
N23	paramoeba_nuc_1470934d-65f8-451a-be8f-f65c6f0f857d_1-523_1	1659
N23	paramoeba_mito_scf7180000003282_5381-6781_1	18718
N23	paramoeba_nuc_scf7180000004653_9090-9584_1	127217
N25	paramoeba_mito_scf7180000003282_17181-17683_1	452
N25	perk_mito_lcl_KT261385.1_cds_ALR73785.1_1_2251	0
N25	paramoeba_nuc_scf7180000003537_4360-5238_1	88
N25	paramoeba_mito_844d98a6-101b-424e-82ab-b4beb7985a5e_16-472_1	16415
N25	perk_mito_lcl_KT261385.1_cds_ALR73787.1_3_1	0
N25	paramoeba_mito_d9f872cc-4915-4218-bcca-14a2b2446441_79-629_1	159497
N25	paramoeba_mito_scf7180000003282_72335-73819_451	59447
N25	paramoeba_mito_scf7180000003282_2577-3764_451	6682
N25	paramoeba_nuc_2474b264-82c9-41bc-83f7-da2b5b94a433_93-564_1	2543
N25	paramoeba_mito_scf7180000003282_37622-38599_451	13324
N25	perk_mito_lcl_KT261384.1_cds_ALR73784.1_2_1	0
N25	perk_nuc_scf7180000003402_73894-74460_1	59406
N25	perk_nuc_scf7180000003591_3416-4408_1-990_1	67035
N25	perk_nuc_scf7180000003623_28906-30006_1-1100_1	38355
N25	perk_nuc_scf7180000003752_5410-7175_739-1757_1	28675
N25	perk_nuc_scf7180000003610_11439-12994_245-1203_1	0
N25	paramoeba_nuc_9042c6bc-20c4-4666-9a3b-25d3d5e60837_173-683_1	0
N25	perk_nuc_scf7180000003402_73455-74100_1	1751810
N25	perk_nuc_scf7180000003352_71298-72206_1-908_1	2612200
N25	perk_nuc_scf7180000003591_3414-9913_1-2291_901	1085
N25	perk_nuc_scf7180000003334_39138-40969_372-1777_1	17763
N25	paramoeba_nuc_9c47213e-a9a3-4bd8-b423-45221f6c0675_1-2364_1801	6619
N25	perk_nuc_scf7180000003602_54737-56021_1-1284_1	156926
N25	perk_nuc_scf7180000003687_22701-24808_4-2107_901	110164
N25	paramoeba_nuc_9c47213e-a9a3-4bd8-b423-45221f6c0675_1-2364_1351	0
N25	paramoeba_nuc_4f7562e3-280b-4809-b18d-cd20dff1ce4f_1-1988_1351	0
N25	perk_nuc_scf7180000003687_22703-23724_2-1021_1	74051
N25	perk_nuc_scf7180000003411_95621-97517_1-1896_1	78974
N25	paramoeba_nuc_9c47213e-a9a3-4bd8-b423-45221f6c0675_1-2364_1	7973
N25	paramoeba_nuc_4f7562e3-280b-4809-b18d-cd20dff1ce4f_1-1988_451	497
N25	perk_nuc_scf7180000003687_28378-29539_1-1161_1	117431
N25	perk_nuc_scf7180000003660_28831-29439_1	2211
N25	perk_nuc_scf7180000003435_20352-22534_1-2182_901	0
N25	perk_nuc_scf7180000003435_21523-22534_1-1011_1	908
N25	perk_nuc_scf7180000003334_14360-15471_115-1021_1	189656
N25	paramoeba_nuc_scf7180000003402_66620-67222_1	165684
N25	perk_nuc_scf7180000003316_105075-106432_82-1354_1	24460
N25	paramoeba_nuc_scf7180000003517_25093-25627_1	1704
N25	perk_nuc_scf7180000003478_19048-20119_1-1071_1	74
N25	perk_nuc_scf7180000003897_23035-23940_1-905_1	2143
N25	perk_nuc_scf7180000003532_6044-7296_4-1252_1	74200
N25	paramoeba_nuc_b2668679-a471-4ab8-bea4-f5898a7a47e4_2-467_1	2509
N25	perk_nuc_scf7180000003402_72046-72895_1	4027
N25	perk_nuc_scf7180000003709_72424-73568_3-1144_1	82761
N25	paramoeba_nuc_91d69197-72f2-4926-90b3-b5a468a5a855_27-765_1	20
N25	perk_nuc_scf7180000003560_925-2762_1-1837_901	334416
N25	perk_nuc_scf7180000003326_75881-76823_1-942_1	15336
N25	perk_nuc_scf7180000003897_16527-17683_3-1156_1	6979
N25	perk_nuc_scf7180000003913_1473-2529_1-1056_1	290728
N25	perk_nuc_scf7180000003454_34019-35215_1-1193_1	1709
N25	perk_nuc_scf7180000003515_97413-101057_1-3580_1501	57
N25	perk_nuc_scf7180000003515_97393-101483_18-3600_901	94018
N25	paramoeba_nuc_1470934d-65f8-451a-be8f-f65c6f0f857d_1-523_1	9322
N25	paramoeba_mito_scf7180000003282_5381-6781_1	158027
N25	paramoeba_nuc_scf7180000004653_9090-9584_1	549205
N27	paramoeba_mito_scf7180000003282_17181-17683_1	533
N27	perk_mito_lcl_KT261385.1_cds_ALR73785.1_1_2251	5
N27	paramoeba_nuc_scf7180000003537_4360-5238_1	60
N27	paramoeba_mito_844d98a6-101b-424e-82ab-b4beb7985a5e_16-472_1	9531
N27	perk_mito_lcl_KT261385.1_cds_ALR73787.1_3_1	0
N27	paramoeba_mito_d9f872cc-4915-4218-bcca-14a2b2446441_79-629_1	82712
N27	paramoeba_mito_scf7180000003282_72335-73819_451	69244
N27	paramoeba_mito_scf7180000003282_2577-3764_451	9900
N27	paramoeba_nuc_2474b264-82c9-41bc-83f7-da2b5b94a433_93-564_1	2928
N27	paramoeba_mito_scf7180000003282_37622-38599_451	12591
N27	perk_mito_lcl_KT261384.1_cds_ALR73784.1_2_1	0
N27	perk_nuc_scf7180000003402_73894-74460_1	64089
N27	perk_nuc_scf7180000003591_3416-4408_1-990_1	60817
N27	perk_nuc_scf7180000003623_28906-30006_1-1100_1	30515
N27	perk_nuc_scf7180000003752_5410-7175_739-1757_1	35305
N27	perk_nuc_scf7180000003610_11439-12994_245-1203_1	0
N27	paramoeba_nuc_9042c6bc-20c4-4666-9a3b-25d3d5e60837_173-683_1	0
N27	perk_nuc_scf7180000003402_73455-74100_1	861860
N27	perk_nuc_scf7180000003352_71298-72206_1-908_1	1125902
N27	perk_nuc_scf7180000003591_3414-9913_1-2291_901	8240
N27	perk_nuc_scf7180000003334_39138-40969_372-1777_1	12540
N27	paramoeba_nuc_9c47213e-a9a3-4bd8-b423-45221f6c0675_1-2364_1801	12536
N27	perk_nuc_scf7180000003602_54737-56021_1-1284_1	105631
N27	perk_nuc_scf7180000003687_22701-24808_4-2107_901	128654
N27	paramoeba_nuc_9c47213e-a9a3-4bd8-b423-45221f6c0675_1-2364_1351	0
N27	paramoeba_nuc_4f7562e3-280b-4809-b18d-cd20dff1ce4f_1-1988_1351	6
N27	perk_nuc_scf7180000003687_22703-23724_2-1021_1	83161
N27	perk_nuc_scf7180000003411_95621-97517_1-1896_1	54181
N27	paramoeba_nuc_9c47213e-a9a3-4bd8-b423-45221f6c0675_1-2364_1	17687
N27	paramoeba_nuc_4f7562e3-280b-4809-b18d-cd20dff1ce4f_1-1988_451	3221
N27	perk_nuc_scf7180000003687_28378-29539_1-1161_1	183881
N27	perk_nuc_scf7180000003660_28831-29439_1	2700
N27	perk_nuc_scf7180000003435_20352-22534_1-2182_901	0
N27	perk_nuc_scf7180000003435_21523-22534_1-1011_1	18962
N27	perk_nuc_scf7180000003334_14360-15471_115-1021_1	205784
N27	paramoeba_nuc_scf7180000003402_66620-67222_1	207996
N27	perk_nuc_scf7180000003316_105075-106432_82-1354_1	18696
N27	paramoeba_nuc_scf7180000003517_25093-25627_1	6713
N27	perk_nuc_scf7180000003478_19048-20119_1-1071_1	104
N27	perk_nuc_scf7180000003897_23035-23940_1-905_1	4477
N27	perk_nuc_scf7180000003532_6044-7296_4-1252_1	44618
N27	paramoeba_nuc_b2668679-a471-4ab8-bea4-f5898a7a47e4_2-467_1	11530
N27	perk_nuc_scf7180000003402_72046-72895_1	6212
N27	perk_nuc_scf7180000003709_72424-73568_3-1144_1	69042
N27	paramoeba_nuc_91d69197-72f2-4926-90b3-b5a468a5a855_27-765_1	7
N27	perk_nuc_scf7180000003560_925-2762_1-1837_901	262529
N27	perk_nuc_scf7180000003326_75881-76823_1-942_1	31567
N27	perk_nuc_scf7180000003897_16527-17683_3-1156_1	1409714
N27	perk_nuc_scf7180000003913_1473-2529_1-1056_1	266732
N27	perk_nuc_scf7180000003454_34019-35215_1-1193_1	9985
N27	perk_nuc_scf7180000003515_97413-101057_1-3580_1501	31
N27	perk_nuc_scf7180000003515_97393-101483_18-3600_901	132071
N27	paramoeba_nuc_1470934d-65f8-451a-be8f-f65c6f0f857d_1-523_1	21701
N27	paramoeba_mito_scf7180000003282_5381-6781_1	88131
N27	paramoeba_nuc_scf7180000004653_9090-9584_1	397323
N28	paramoeba_mito_scf7180000003282_17181-17683_1	338
N28	perk_mito_lcl_KT261385.1_cds_ALR73785.1_1_2251	0
N28	paramoeba_nuc_scf7180000003537_4360-5238_1	680
N28	paramoeba_mito_844d98a6-101b-424e-82ab-b4beb7985a5e_16-472_1	11941
N28	perk_mito_lcl_KT261385.1_cds_ALR73787.1_3_1	0
N28	paramoeba_mito_d9f872cc-4915-4218-bcca-14a2b2446441_79-629_1	342058
N28	paramoeba_mito_scf7180000003282_72335-73819_451	69932
N28	paramoeba_mito_scf7180000003282_2577-3764_451	4557
N28	paramoeba_nuc_2474b264-82c9-41bc-83f7-da2b5b94a433_93-564_1	1891
N28	paramoeba_mito_scf7180000003282_37622-38599_451	5052
N28	perk_mito_lcl_KT261384.1_cds_ALR73784.1_2_1	0
N28	perk_nuc_scf7180000003402_73894-74460_1	105640
N28	perk_nuc_scf7180000003591_3416-4408_1-990_1	177653
N28	perk_nuc_scf7180000003623_28906-30006_1-1100_1	39527
N28	perk_nuc_scf7180000003752_5410-7175_739-1757_1	34691
N28	perk_nuc_scf7180000003610_11439-12994_245-1203_1	0
N28	paramoeba_nuc_9042c6bc-20c4-4666-9a3b-25d3d5e60837_173-683_1	0
N28	perk_nuc_scf7180000003402_73455-74100_1	2123941
N28	perk_nuc_scf7180000003352_71298-72206_1-908_1	2415252
N28	perk_nuc_scf7180000003591_3414-9913_1-2291_901	29205
N28	perk_nuc_scf7180000003334_39138-40969_372-1777_1	10779
N28	paramoeba_nuc_9c47213e-a9a3-4bd8-b423-45221f6c0675_1-2364_1801	2394
N28	perk_nuc_scf7180000003602_54737-56021_1-1284_1	353084
N28	perk_nuc_scf7180000003687_22701-24808_4-2107_901	404332
N28	paramoeba_nuc_9c47213e-a9a3-4bd8-b423-45221f6c0675_1-2364_1351	0
N28	paramoeba_nuc_4f7562e3-280b-4809-b18d-cd20dff1ce4f_1-1988_1351	0
N28	perk_nuc_scf7180000003687_22703-23724_2-1021_1	238847
N28	perk_nuc_scf7180000003411_95621-97517_1-1896_1	275156
N28	paramoeba_nuc_9c47213e-a9a3-4bd8-b423-45221f6c0675_1-2364_1	26604
N28	paramoeba_nuc_4f7562e3-280b-4809-b18d-cd20dff1ce4f_1-1988_451	2857
N28	perk_nuc_scf7180000003687_28378-29539_1-1161_1	340296
N28	perk_nuc_scf7180000003660_28831-29439_1	12135
N28	perk_nuc_scf7180000003435_20352-22534_1-2182_901	0
N28	perk_nuc_scf7180000003435_21523-22534_1-1011_1	259
N28	perk_nuc_scf7180000003334_14360-15471_115-1021_1	665619
N28	paramoeba_nuc_scf7180000003402_66620-67222_1	250857
N28	perk_nuc_scf7180000003316_105075-106432_82-1354_1	49295
N28	paramoeba_nuc_scf7180000003517_25093-25627_1	1316
N28	perk_nuc_scf7180000003478_19048-20119_1-1071_1	0
N28	perk_nuc_scf7180000003897_23035-23940_1-905_1	3362
N28	perk_nuc_scf7180000003532_6044-7296_4-1252_1	216137
N28	paramoeba_nuc_b2668679-a471-4ab8-bea4-f5898a7a47e4_2-467_1	17801
N28	perk_nuc_scf7180000003402_72046-72895_1	4017
N28	perk_nuc_scf7180000003709_72424-73568_3-1144_1	61232
N28	paramoeba_nuc_91d69197-72f2-4926-90b3-b5a468a5a855_27-765_1	19
N28	perk_nuc_scf7180000003560_925-2762_1-1837_901	562342
N28	perk_nuc_scf7180000003326_75881-76823_1-942_1	30155
N28	perk_nuc_scf7180000003897_16527-17683_3-1156_1	1911630
N28	perk_nuc_scf7180000003913_1473-2529_1-1056_1	835310
N28	perk_nuc_scf7180000003454_34019-35215_1-1193_1	1155
N28	perk_nuc_scf7180000003515_97413-101057_1-3580_1501	109
N28	perk_nuc_scf7180000003515_97393-101483_18-3600_901	157565
N28	paramoeba_nuc_1470934d-65f8-451a-be8f-f65c6f0f857d_1-523_1	8310
N28	paramoeba_mito_scf7180000003282_5381-6781_1	351932
N28	paramoeba_nuc_scf7180000004653_9090-9584_1	857710
N31	paramoeba_mito_scf7180000003282_17181-17683_1	526
N31	perk_mito_lcl_KT261385.1_cds_ALR73785.1_1_2251	0
N31	paramoeba_nuc_scf7180000003537_4360-5238_1	16
N31	paramoeba_mito_844d98a6-101b-424e-82ab-b4beb7985a5e_16-472_1	14719
N31	perk_mito_lcl_KT261385.1_cds_ALR73787.1_3_1	2
N31	paramoeba_mito_d9f872cc-4915-4218-bcca-14a2b2446441_79-629_1	111061
N31	paramoeba_mito_scf7180000003282_72335-73819_451	7435
N31	paramoeba_mito_scf7180000003282_2577-3764_451	7
N31	paramoeba_nuc_2474b264-82c9-41bc-83f7-da2b5b94a433_93-564_1	711
N31	paramoeba_mito_scf7180000003282_37622-38599_451	3424
N31	perk_mito_lcl_KT261384.1_cds_ALR73784.1_2_1	0
N31	perk_nuc_scf7180000003402_73894-74460_1	9399
N31	perk_nuc_scf7180000003591_3416-4408_1-990_1	182727
N31	perk_nuc_scf7180000003623_28906-30006_1-1100_1	11010
N31	perk_nuc_scf7180000003752_5410-7175_739-1757_1	86522
N31	perk_nuc_scf7180000003610_11439-12994_245-1203_1	0
N31	paramoeba_nuc_9042c6bc-20c4-4666-9a3b-25d3d5e60837_173-683_1	0
N31	perk_nuc_scf7180000003402_73455-74100_1	585906
N31	perk_nuc_scf7180000003352_71298-72206_1-908_1	4382593
N31	perk_nuc_scf7180000003591_3414-9913_1-2291_901	31046
N31	perk_nuc_scf7180000003334_39138-40969_372-1777_1	10462
N31	paramoeba_nuc_9c47213e-a9a3-4bd8-b423-45221f6c0675_1-2364_1801	1612
N31	perk_nuc_scf7180000003602_54737-56021_1-1284_1	119166
N31	perk_nuc_scf7180000003687_22701-24808_4-2107_901	313915
N31	paramoeba_nuc_9c47213e-a9a3-4bd8-b423-45221f6c0675_1-2364_1351	0
N31	paramoeba_nuc_4f7562e3-280b-4809-b18d-cd20dff1ce4f_1-1988_1351	0
N31	perk_nuc_scf7180000003687_22703-23724_2-1021_1	413812
N31	perk_nuc_scf7180000003411_95621-97517_1-1896_1	638802
N31	paramoeba_nuc_9c47213e-a9a3-4bd8-b423-45221f6c0675_1-2364_1	202
N31	paramoeba_nuc_4f7562e3-280b-4809-b18d-cd20dff1ce4f_1-1988_451	4961
N31	perk_nuc_scf7180000003687_28378-29539_1-1161_1	140477
N31	perk_nuc_scf7180000003660_28831-29439_1	572
N31	perk_nuc_scf7180000003435_20352-22534_1-2182_901	0
N31	perk_nuc_scf7180000003435_21523-22534_1-1011_1	381
N31	perk_nuc_scf7180000003334_14360-15471_115-1021_1	319969
N31	paramoeba_nuc_scf7180000003402_66620-67222_1	86439
N31	perk_nuc_scf7180000003316_105075-106432_82-1354_1	54020
N31	paramoeba_nuc_scf7180000003517_25093-25627_1	2369
N31	perk_nuc_scf7180000003478_19048-20119_1-1071_1	26
N31	perk_nuc_scf7180000003897_23035-23940_1-905_1	12139
N31	perk_nuc_scf7180000003532_6044-7296_4-1252_1	111511
N31	paramoeba_nuc_b2668679-a471-4ab8-bea4-f5898a7a47e4_2-467_1	3505
N31	perk_nuc_scf7180000003402_72046-72895_1	3024
N31	perk_nuc_scf7180000003709_72424-73568_3-1144_1	69988
N31	paramoeba_nuc_91d69197-72f2-4926-90b3-b5a468a5a855_27-765_1	0
N31	perk_nuc_scf7180000003560_925-2762_1-1837_901	807688
N31	perk_nuc_scf7180000003326_75881-76823_1-942_1	12812
N31	perk_nuc_scf7180000003897_16527-17683_3-1156_1	1608635
N31	perk_nuc_scf7180000003913_1473-2529_1-1056_1	120454
N31	perk_nuc_scf7180000003454_34019-35215_1-1193_1	1358
N31	perk_nuc_scf7180000003515_97413-101057_1-3580_1501	11
N31	perk_nuc_scf7180000003515_97393-101483_18-3600_901	115256
N31	paramoeba_nuc_1470934d-65f8-451a-be8f-f65c6f0f857d_1-523_1	3484
N31	paramoeba_mito_scf7180000003282_5381-6781_1	113750
N31	paramoeba_nuc_scf7180000004653_9090-9584_1	201682
N32	paramoeba_mito_scf7180000003282_17181-17683_1	102162
N32	perk_mito_lcl_KT261385.1_cds_ALR73785.1_1_2251	0
N32	paramoeba_nuc_scf7180000003537_4360-5238_1	23411
N32	paramoeba_mito_844d98a6-101b-424e-82ab-b4beb7985a5e_16-472_1	372598
N32	perk_mito_lcl_KT261385.1_cds_ALR73787.1_3_1	29880
N32	paramoeba_mito_d9f872cc-4915-4218-bcca-14a2b2446441_79-629_1	841977
N32	paramoeba_mito_scf7180000003282_72335-73819_451	52125
N32	paramoeba_mito_scf7180000003282_2577-3764_451	10309
N32	paramoeba_nuc_2474b264-82c9-41bc-83f7-da2b5b94a433_93-564_1	9613
N32	paramoeba_mito_scf7180000003282_37622-38599_451	9465
N32	perk_mito_lcl_KT261384.1_cds_ALR73784.1_2_1	0
N32	perk_nuc_scf7180000003402_73894-74460_1	629270
N32	perk_nuc_scf7180000003591_3416-4408_1-990_1	101140
N32	perk_nuc_scf7180000003623_28906-30006_1-1100_1	22545
N32	perk_nuc_scf7180000003752_5410-7175_739-1757_1	26336
N32	perk_nuc_scf7180000003610_11439-12994_245-1203_1	0
N32	paramoeba_nuc_9042c6bc-20c4-4666-9a3b-25d3d5e60837_173-683_1	0
N32	perk_nuc_scf7180000003402_73455-74100_1	2694299
N32	perk_nuc_scf7180000003352_71298-72206_1-908_1	2107324
N32	perk_nuc_scf7180000003591_3414-9913_1-2291_901	45997
N32	perk_nuc_scf7180000003334_39138-40969_372-1777_1	15120
N32	paramoeba_nuc_9c47213e-a9a3-4bd8-b423-45221f6c0675_1-2364_1801	7093
N32	perk_nuc_scf7180000003602_54737-56021_1-1284_1	399864
N32	perk_nuc_scf7180000003687_22701-24808_4-2107_901	256890
N32	paramoeba_nuc_9c47213e-a9a3-4bd8-b423-45221f6c0675_1-2364_1351	14322
N32	paramoeba_nuc_4f7562e3-280b-4809-b18d-cd20dff1ce4f_1-1988_1351	2642
N32	perk_nuc_scf7180000003687_22703-23724_2-1021_1	221150
N32	perk_nuc_scf7180000003411_95621-97517_1-1896_1	173073
N32	paramoeba_nuc_9c47213e-a9a3-4bd8-b423-45221f6c0675_1-2364_1	57343
N32	paramoeba_nuc_4f7562e3-280b-4809-b18d-cd20dff1ce4f_1-1988_451	124467
N32	perk_nuc_scf7180000003687_28378-29539_1-1161_1	445828
N32	perk_nuc_scf7180000003660_28831-29439_1	8854
N32	perk_nuc_scf7180000003435_20352-22534_1-2182_901	0
N32	perk_nuc_scf7180000003435_21523-22534_1-1011_1	23755
N32	perk_nuc_scf7180000003334_14360-15471_115-1021_1	332515
N32	paramoeba_nuc_scf7180000003402_66620-67222_1	391258
N32	perk_nuc_scf7180000003316_105075-106432_82-1354_1	82747
N32	paramoeba_nuc_scf7180000003517_25093-25627_1	10193
N32	perk_nuc_scf7180000003478_19048-20119_1-1071_1	608
N32	perk_nuc_scf7180000003897_23035-23940_1-905_1	10424
N32	perk_nuc_scf7180000003532_6044-7296_4-1252_1	230246
N32	paramoeba_nuc_b2668679-a471-4ab8-bea4-f5898a7a47e4_2-467_1	15631
N32	perk_nuc_scf7180000003402_72046-72895_1	6523
N32	perk_nuc_scf7180000003709_72424-73568_3-1144_1	153564
N32	paramoeba_nuc_91d69197-72f2-4926-90b3-b5a468a5a855_27-765_1	23
N32	perk_nuc_scf7180000003560_925-2762_1-1837_901	573519
N32	perk_nuc_scf7180000003326_75881-76823_1-942_1	71738
N32	perk_nuc_scf7180000003897_16527-17683_3-1156_1	1693749
N32	perk_nuc_scf7180000003913_1473-2529_1-1056_1	579466
N32	perk_nuc_scf7180000003454_34019-35215_1-1193_1	6653
N32	perk_nuc_scf7180000003515_97413-101057_1-3580_1501	3395
N32	perk_nuc_scf7180000003515_97393-101483_18-3600_901	97740
N32	paramoeba_nuc_1470934d-65f8-451a-be8f-f65c6f0f857d_1-523_1	16794
N32	paramoeba_mito_scf7180000003282_5381-6781_1	883605
N32	paramoeba_nuc_scf7180000004653_9090-9584_1	1303317
N34	paramoeba_mito_scf7180000003282_17181-17683_1	163484
N34	perk_mito_lcl_KT261385.1_cds_ALR73785.1_1_2251	0
N34	paramoeba_nuc_scf7180000003537_4360-5238_1	16002
N34	paramoeba_mito_844d98a6-101b-424e-82ab-b4beb7985a5e_16-472_1	701742
N34	perk_mito_lcl_KT261385.1_cds_ALR73787.1_3_1	24870
N34	paramoeba_mito_d9f872cc-4915-4218-bcca-14a2b2446441_79-629_1	1250661
N34	paramoeba_mito_scf7180000003282_72335-73819_451	102843
N34	paramoeba_mito_scf7180000003282_2577-3764_451	11006
N34	paramoeba_nuc_2474b264-82c9-41bc-83f7-da2b5b94a433_93-564_1	24233
N34	paramoeba_mito_scf7180000003282_37622-38599_451	55366
N34	perk_mito_lcl_KT261384.1_cds_ALR73784.1_2_1	7516
N34	perk_nuc_scf7180000003402_73894-74460_1	326339
N34	perk_nuc_scf7180000003591_3416-4408_1-990_1	129201
N34	perk_nuc_scf7180000003623_28906-30006_1-1100_1	17172
N34	perk_nuc_scf7180000003752_5410-7175_739-1757_1	20098
N34	perk_nuc_scf7180000003610_11439-12994_245-1203_1	0
N34	paramoeba_nuc_9042c6bc-20c4-4666-9a3b-25d3d5e60837_173-683_1	0
N34	perk_nuc_scf7180000003402_73455-74100_1	2847557
N34	perk_nuc_scf7180000003352_71298-72206_1-908_1	2267598
N34	perk_nuc_scf7180000003591_3414-9913_1-2291_901	32606
N34	perk_nuc_scf7180000003334_39138-40969_372-1777_1	66358
N34	paramoeba_nuc_9c47213e-a9a3-4bd8-b423-45221f6c0675_1-2364_1801	1901
N34	perk_nuc_scf7180000003602_54737-56021_1-1284_1	416629
N34	perk_nuc_scf7180000003687_22701-24808_4-2107_901	204432
N34	paramoeba_nuc_9c47213e-a9a3-4bd8-b423-45221f6c0675_1-2364_1351	2114
N34	paramoeba_nuc_4f7562e3-280b-4809-b18d-cd20dff1ce4f_1-1988_1351	33
N34	perk_nuc_scf7180000003687_22703-23724_2-1021_1	196196
N34	perk_nuc_scf7180000003411_95621-97517_1-1896_1	123739
N34	paramoeba_nuc_9c47213e-a9a3-4bd8-b423-45221f6c0675_1-2364_1	12312
N34	paramoeba_nuc_4f7562e3-280b-4809-b18d-cd20dff1ce4f_1-1988_451	142788
N34	perk_nuc_scf7180000003687_28378-29539_1-1161_1	239705
N34	perk_nuc_scf7180000003660_28831-29439_1	31509
N34	perk_nuc_scf7180000003435_20352-22534_1-2182_901	0
N34	perk_nuc_scf7180000003435_21523-22534_1-1011_1	30569
N34	perk_nuc_scf7180000003334_14360-15471_115-1021_1	219132
N34	paramoeba_nuc_scf7180000003402_66620-67222_1	715654
N34	perk_nuc_scf7180000003316_105075-106432_82-1354_1	23302
N34	paramoeba_nuc_scf7180000003517_25093-25627_1	2959
N34	perk_nuc_scf7180000003478_19048-20119_1-1071_1	10520
N34	perk_nuc_scf7180000003897_23035-23940_1-905_1	28645
N34	perk_nuc_scf7180000003532_6044-7296_4-1252_1	130632
N34	paramoeba_nuc_b2668679-a471-4ab8-bea4-f5898a7a47e4_2-467_1	8011
N34	perk_nuc_scf7180000003402_72046-72895_1	2352
N34	perk_nuc_scf7180000003709_72424-73568_3-1144_1	233245
N34	paramoeba_nuc_91d69197-72f2-4926-90b3-b5a468a5a855_27-765_1	442
N34	perk_nuc_scf7180000003560_925-2762_1-1837_901	307880
N34	perk_nuc_scf7180000003326_75881-76823_1-942_1	53120
N34	perk_nuc_scf7180000003897_16527-17683_3-1156_1	1494339
N34	perk_nuc_scf7180000003913_1473-2529_1-1056_1	454247
N34	perk_nuc_scf7180000003454_34019-35215_1-1193_1	13882
N34	perk_nuc_scf7180000003515_97413-101057_1-3580_1501	10944
N34	perk_nuc_scf7180000003515_97393-101483_18-3600_901	363642
N34	paramoeba_nuc_1470934d-65f8-451a-be8f-f65c6f0f857d_1-523_1	14189
N34	paramoeba_mito_scf7180000003282_5381-6781_1	1332563
N34	paramoeba_nuc_scf7180000004653_9090-9584_1	1907031
N36	paramoeba_mito_scf7180000003282_17181-17683_1	36877
N36	perk_mito_lcl_KT261385.1_cds_ALR73785.1_1_2251	200
N36	paramoeba_nuc_scf7180000003537_4360-5238_1	1534
N36	paramoeba_mito_844d98a6-101b-424e-82ab-b4beb7985a5e_16-472_1	88386
N36	perk_mito_lcl_KT261385.1_cds_ALR73787.1_3_1	2890
N36	paramoeba_mito_d9f872cc-4915-4218-bcca-14a2b2446441_79-629_1	200591
N36	paramoeba_mito_scf7180000003282_72335-73819_451	5323
N36	paramoeba_mito_scf7180000003282_2577-3764_451	903
N36	paramoeba_nuc_2474b264-82c9-41bc-83f7-da2b5b94a433_93-564_1	4746
N36	paramoeba_mito_scf7180000003282_37622-38599_451	3027
N36	perk_mito_lcl_KT261384.1_cds_ALR73784.1_2_1	653
N36	perk_nuc_scf7180000003402_73894-74460_1	25924
N36	perk_nuc_scf7180000003591_3416-4408_1-990_1	22482
N36	perk_nuc_scf7180000003623_28906-30006_1-1100_1	2393
N36	perk_nuc_scf7180000003752_5410-7175_739-1757_1	8763
N36	perk_nuc_scf7180000003610_11439-12994_245-1203_1	0
N36	paramoeba_nuc_9042c6bc-20c4-4666-9a3b-25d3d5e60837_173-683_1	238
N36	perk_nuc_scf7180000003402_73455-74100_1	188608
N36	perk_nuc_scf7180000003352_71298-72206_1-908_1	237940
N36	perk_nuc_scf7180000003591_3414-9913_1-2291_901	9022
N36	perk_nuc_scf7180000003334_39138-40969_372-1777_1	7081
N36	paramoeba_nuc_9c47213e-a9a3-4bd8-b423-45221f6c0675_1-2364_1801	968
N36	perk_nuc_scf7180000003602_54737-56021_1-1284_1	31080
N36	perk_nuc_scf7180000003687_22701-24808_4-2107_901	21113
N36	paramoeba_nuc_9c47213e-a9a3-4bd8-b423-45221f6c0675_1-2364_1351	29
N36	paramoeba_nuc_4f7562e3-280b-4809-b18d-cd20dff1ce4f_1-1988_1351	28
N36	perk_nuc_scf7180000003687_22703-23724_2-1021_1	28214
N36	perk_nuc_scf7180000003411_95621-97517_1-1896_1	25511
N36	paramoeba_nuc_9c47213e-a9a3-4bd8-b423-45221f6c0675_1-2364_1	1320
N36	paramoeba_nuc_4f7562e3-280b-4809-b18d-cd20dff1ce4f_1-1988_451	9483
N36	perk_nuc_scf7180000003687_28378-29539_1-1161_1	27839
N36	perk_nuc_scf7180000003660_28831-29439_1	5927
N36	perk_nuc_scf7180000003435_20352-22534_1-2182_901	0
N36	perk_nuc_scf7180000003435_21523-22534_1-1011_1	3260
N36	perk_nuc_scf7180000003334_14360-15471_115-1021_1	16567
N36	paramoeba_nuc_scf7180000003402_66620-67222_1	35922
N36	perk_nuc_scf7180000003316_105075-106432_82-1354_1	9288
N36	paramoeba_nuc_scf7180000003517_25093-25627_1	336
N36	perk_nuc_scf7180000003478_19048-20119_1-1071_1	3794
N36	perk_nuc_scf7180000003897_23035-23940_1-905_1	1854
N36	perk_nuc_scf7180000003532_6044-7296_4-1252_1	10985
N36	paramoeba_nuc_b2668679-a471-4ab8-bea4-f5898a7a47e4_2-467_1	638
N36	perk_nuc_scf7180000003402_72046-72895_1	315
N36	perk_nuc_scf7180000003709_72424-73568_3-1144_1	14612
N36	paramoeba_nuc_91d69197-72f2-4926-90b3-b5a468a5a855_27-765_1	146
N36	perk_nuc_scf7180000003560_925-2762_1-1837_901	28168
N36	perk_nuc_scf7180000003326_75881-76823_1-942_1	3169
N36	perk_nuc_scf7180000003897_16527-17683_3-1156_1	131829
N36	perk_nuc_scf7180000003913_1473-2529_1-1056_1	28573
N36	perk_nuc_scf7180000003454_34019-35215_1-1193_1	2452
N36	perk_nuc_scf7180000003515_97413-101057_1-3580_1501	12118
N36	perk_nuc_scf7180000003515_97393-101483_18-3600_901	21060
N36	paramoeba_nuc_1470934d-65f8-451a-be8f-f65c6f0f857d_1-523_1	1829
N36	paramoeba_mito_scf7180000003282_5381-6781_1	207485
N36	paramoeba_nuc_scf7180000004653_9090-9584_1	333141
N37	paramoeba_mito_scf7180000003282_17181-17683_1	111298
N37	perk_mito_lcl_KT261385.1_cds_ALR73785.1_1_2251	0
N37	paramoeba_nuc_scf7180000003537_4360-5238_1	7299
N37	paramoeba_mito_844d98a6-101b-424e-82ab-b4beb7985a5e_16-472_1	509138
N37	perk_mito_lcl_KT261385.1_cds_ALR73787.1_3_1	0
N37	paramoeba_mito_d9f872cc-4915-4218-bcca-14a2b2446441_79-629_1	997252
N37	paramoeba_mito_scf7180000003282_72335-73819_451	183649
N37	paramoeba_mito_scf7180000003282_2577-3764_451	54042
N37	paramoeba_nuc_2474b264-82c9-41bc-83f7-da2b5b94a433_93-564_1	16595
N37	paramoeba_mito_scf7180000003282_37622-38599_451	168583
N37	perk_mito_lcl_KT261384.1_cds_ALR73784.1_2_1	0
N37	perk_nuc_scf7180000003402_73894-74460_1	256151
N37	perk_nuc_scf7180000003591_3416-4408_1-990_1	3098
N37	perk_nuc_scf7180000003623_28906-30006_1-1100_1	54365
N37	perk_nuc_scf7180000003752_5410-7175_739-1757_1	76283
N37	perk_nuc_scf7180000003610_11439-12994_245-1203_1	0
N37	paramoeba_nuc_9042c6bc-20c4-4666-9a3b-25d3d5e60837_173-683_1	25
N37	perk_nuc_scf7180000003402_73455-74100_1	3858023
N37	perk_nuc_scf7180000003352_71298-72206_1-908_1	2176647
N37	perk_nuc_scf7180000003591_3414-9913_1-2291_901	12118
N37	perk_nuc_scf7180000003334_39138-40969_372-1777_1	23656
N37	paramoeba_nuc_9c47213e-a9a3-4bd8-b423-45221f6c0675_1-2364_1801	8666
N37	perk_nuc_scf7180000003602_54737-56021_1-1284_1	291171
N37	perk_nuc_scf7180000003687_22701-24808_4-2107_901	244592
N37	paramoeba_nuc_9c47213e-a9a3-4bd8-b423-45221f6c0675_1-2364_1351	17
N37	paramoeba_nuc_4f7562e3-280b-4809-b18d-cd20dff1ce4f_1-1988_1351	3
N37	perk_nuc_scf7180000003687_22703-23724_2-1021_1	149657
N37	perk_nuc_scf7180000003411_95621-97517_1-1896_1	151081
N37	paramoeba_nuc_9c47213e-a9a3-4bd8-b423-45221f6c0675_1-2364_1	22794
N37	paramoeba_nuc_4f7562e3-280b-4809-b18d-cd20dff1ce4f_1-1988_451	1265
N37	perk_nuc_scf7180000003687_28378-29539_1-1161_1	233613
N37	perk_nuc_scf7180000003660_28831-29439_1	3184
N37	perk_nuc_scf7180000003435_20352-22534_1-2182_901	0
N37	perk_nuc_scf7180000003435_21523-22534_1-1011_1	10525
N37	perk_nuc_scf7180000003334_14360-15471_115-1021_1	244737
N37	paramoeba_nuc_scf7180000003402_66620-67222_1	259372
N37	perk_nuc_scf7180000003316_105075-106432_82-1354_1	22469
N37	paramoeba_nuc_scf7180000003517_25093-25627_1	11774
N37	perk_nuc_scf7180000003478_19048-20119_1-1071_1	2010
N37	perk_nuc_scf7180000003897_23035-23940_1-905_1	20154
N37	perk_nuc_scf7180000003532_6044-7296_4-1252_1	86389
N37	paramoeba_nuc_b2668679-a471-4ab8-bea4-f5898a7a47e4_2-467_1	14352
N37	perk_nuc_scf7180000003402_72046-72895_1	7897
N37	perk_nuc_scf7180000003709_72424-73568_3-1144_1	115739
N37	paramoeba_nuc_91d69197-72f2-4926-90b3-b5a468a5a855_27-765_1	3315
N37	perk_nuc_scf7180000003560_925-2762_1-1837_901	336221
N37	perk_nuc_scf7180000003326_75881-76823_1-942_1	42671
N37	perk_nuc_scf7180000003897_16527-17683_3-1156_1	1798454
N37	perk_nuc_scf7180000003913_1473-2529_1-1056_1	276490
N37	perk_nuc_scf7180000003454_34019-35215_1-1193_1	46495
N37	perk_nuc_scf7180000003515_97413-101057_1-3580_1501	81
N37	perk_nuc_scf7180000003515_97393-101483_18-3600_901	152531
N37	paramoeba_nuc_1470934d-65f8-451a-be8f-f65c6f0f857d_1-523_1	2260
N37	paramoeba_mito_scf7180000003282_5381-6781_1	1463832
N37	paramoeba_nuc_scf7180000004653_9090-9584_1	1959825
N38	paramoeba_mito_scf7180000003282_17181-17683_1	2748
N38	perk_mito_lcl_KT261385.1_cds_ALR73785.1_1_2251	0
N38	paramoeba_nuc_scf7180000003537_4360-5238_1	272
N38	paramoeba_mito_844d98a6-101b-424e-82ab-b4beb7985a5e_16-472_1	28035
N38	perk_mito_lcl_KT261385.1_cds_ALR73787.1_3_1	0
N38	paramoeba_mito_d9f872cc-4915-4218-bcca-14a2b2446441_79-629_1	299050
N38	paramoeba_mito_scf7180000003282_72335-73819_451	132627
N38	paramoeba_mito_scf7180000003282_2577-3764_451	9710
N38	paramoeba_nuc_2474b264-82c9-41bc-83f7-da2b5b94a433_93-564_1	7231
N38	paramoeba_mito_scf7180000003282_37622-38599_451	18828
N38	perk_mito_lcl_KT261384.1_cds_ALR73784.1_2_1	0
N38	perk_nuc_scf7180000003402_73894-74460_1	222297
N38	perk_nuc_scf7180000003591_3416-4408_1-990_1	88251
N38	perk_nuc_scf7180000003623_28906-30006_1-1100_1	45923
N38	perk_nuc_scf7180000003752_5410-7175_739-1757_1	63308
N38	perk_nuc_scf7180000003610_11439-12994_245-1203_1	0
N38	paramoeba_nuc_9042c6bc-20c4-4666-9a3b-25d3d5e60837_173-683_1	0
N38	perk_nuc_scf7180000003402_73455-74100_1	2117896
N38	perk_nuc_scf7180000003352_71298-72206_1-908_1	2523811
N38	perk_nuc_scf7180000003591_3414-9913_1-2291_901	18107
N38	perk_nuc_scf7180000003334_39138-40969_372-1777_1	31952
N38	paramoeba_nuc_9c47213e-a9a3-4bd8-b423-45221f6c0675_1-2364_1801	7847
N38	perk_nuc_scf7180000003602_54737-56021_1-1284_1	85388
N38	perk_nuc_scf7180000003687_22701-24808_4-2107_901	149332
N38	paramoeba_nuc_9c47213e-a9a3-4bd8-b423-45221f6c0675_1-2364_1351	0
N38	paramoeba_nuc_4f7562e3-280b-4809-b18d-cd20dff1ce4f_1-1988_1351	7
N38	perk_nuc_scf7180000003687_22703-23724_2-1021_1	122652
N38	perk_nuc_scf7180000003411_95621-97517_1-1896_1	66365
N38	paramoeba_nuc_9c47213e-a9a3-4bd8-b423-45221f6c0675_1-2364_1	37851
N38	paramoeba_nuc_4f7562e3-280b-4809-b18d-cd20dff1ce4f_1-1988_451	4816
N38	perk_nuc_scf7180000003687_28378-29539_1-1161_1	251277
N38	perk_nuc_scf7180000003660_28831-29439_1	9762
N38	perk_nuc_scf7180000003435_20352-22534_1-2182_901	0
N38	perk_nuc_scf7180000003435_21523-22534_1-1011_1	35281
N38	perk_nuc_scf7180000003334_14360-15471_115-1021_1	349863
N38	paramoeba_nuc_scf7180000003402_66620-67222_1	266150
N38	perk_nuc_scf7180000003316_105075-106432_82-1354_1	43195
N38	paramoeba_nuc_scf7180000003517_25093-25627_1	6514
N38	perk_nuc_scf7180000003478_19048-20119_1-1071_1	164
N38	perk_nuc_scf7180000003897_23035-23940_1-905_1	14700
N38	perk_nuc_scf7180000003532_6044-7296_4-1252_1	59246
N38	paramoeba_nuc_b2668679-a471-4ab8-bea4-f5898a7a47e4_2-467_1	28162
N38	perk_nuc_scf7180000003402_72046-72895_1	8116
N38	perk_nuc_scf7180000003709_72424-73568_3-1144_1	90970
N38	paramoeba_nuc_91d69197-72f2-4926-90b3-b5a468a5a855_27-765_1	220
N38	perk_nuc_scf7180000003560_925-2762_1-1837_901	291705
N38	perk_nuc_scf7180000003326_75881-76823_1-942_1	69147
N38	perk_nuc_scf7180000003897_16527-17683_3-1156_1	2702
N38	perk_nuc_scf7180000003913_1473-2529_1-1056_1	435933
N38	perk_nuc_scf7180000003454_34019-35215_1-1193_1	3478
N38	perk_nuc_scf7180000003515_97413-101057_1-3580_1501	54
N38	perk_nuc_scf7180000003515_97393-101483_18-3600_901	160171
N38	paramoeba_nuc_1470934d-65f8-451a-be8f-f65c6f0f857d_1-523_1	19696
N38	paramoeba_mito_scf7180000003282_5381-6781_1	312844
N38	paramoeba_nuc_scf7180000004653_9090-9584_1	1031727
N3	paramoeba_mito_scf7180000003282_17181-17683_1	75272
N3	perk_mito_lcl_KT261385.1_cds_ALR73785.1_1_2251	0
N3	paramoeba_nuc_scf7180000003537_4360-5238_1	131
N3	paramoeba_mito_844d98a6-101b-424e-82ab-b4beb7985a5e_16-472_1	60
N3	perk_mito_lcl_KT261385.1_cds_ALR73787.1_3_1	156
N3	paramoeba_mito_d9f872cc-4915-4218-bcca-14a2b2446441_79-629_1	12648
N3	paramoeba_mito_scf7180000003282_72335-73819_451	1103
N3	paramoeba_mito_scf7180000003282_2577-3764_451	1107
N3	paramoeba_nuc_2474b264-82c9-41bc-83f7-da2b5b94a433_93-564_1	336
N3	paramoeba_mito_scf7180000003282_37622-38599_451	724
N3	perk_mito_lcl_KT261384.1_cds_ALR73784.1_2_1	0
N3	perk_nuc_scf7180000003402_73894-74460_1	82043
N3	perk_nuc_scf7180000003591_3416-4408_1-990_1	126582
N3	perk_nuc_scf7180000003623_28906-30006_1-1100_1	20895
N3	perk_nuc_scf7180000003752_5410-7175_739-1757_1	56198
N3	perk_nuc_scf7180000003610_11439-12994_245-1203_1	0
N3	paramoeba_nuc_9042c6bc-20c4-4666-9a3b-25d3d5e60837_173-683_1	0
N3	perk_nuc_scf7180000003402_73455-74100_1	2781436
N3	perk_nuc_scf7180000003352_71298-72206_1-908_1	2971155
N3	perk_nuc_scf7180000003591_3414-9913_1-2291_901	13797
N3	perk_nuc_scf7180000003334_39138-40969_372-1777_1	3540
N3	paramoeba_nuc_9c47213e-a9a3-4bd8-b423-45221f6c0675_1-2364_1801	1884
N3	perk_nuc_scf7180000003602_54737-56021_1-1284_1	926818
N3	perk_nuc_scf7180000003687_22701-24808_4-2107_901	389676
N3	paramoeba_nuc_9c47213e-a9a3-4bd8-b423-45221f6c0675_1-2364_1351	34
N3	paramoeba_nuc_4f7562e3-280b-4809-b18d-cd20dff1ce4f_1-1988_1351	305
N3	perk_nuc_scf7180000003687_22703-23724_2-1021_1	905729
N3	perk_nuc_scf7180000003411_95621-97517_1-1896_1	287705
N3	paramoeba_nuc_9c47213e-a9a3-4bd8-b423-45221f6c0675_1-2364_1	17282
N3	paramoeba_nuc_4f7562e3-280b-4809-b18d-cd20dff1ce4f_1-1988_451	143788
N3	perk_nuc_scf7180000003687_28378-29539_1-1161_1	861928
N3	perk_nuc_scf7180000003660_28831-29439_1	180
N3	perk_nuc_scf7180000003435_20352-22534_1-2182_901	0
N3	perk_nuc_scf7180000003435_21523-22534_1-1011_1	2231
N3	perk_nuc_scf7180000003334_14360-15471_115-1021_1	500058
N3	paramoeba_nuc_scf7180000003402_66620-67222_1	209193
N3	perk_nuc_scf7180000003316_105075-106432_82-1354_1	164548
N3	paramoeba_nuc_scf7180000003517_25093-25627_1	337
N3	perk_nuc_scf7180000003478_19048-20119_1-1071_1	420
N3	perk_nuc_scf7180000003897_23035-23940_1-905_1	12148
N3	perk_nuc_scf7180000003532_6044-7296_4-1252_1	227387
N3	paramoeba_nuc_b2668679-a471-4ab8-bea4-f5898a7a47e4_2-467_1	6667
N3	perk_nuc_scf7180000003402_72046-72895_1	1318
N3	perk_nuc_scf7180000003709_72424-73568_3-1144_1	1191576
N3	paramoeba_nuc_91d69197-72f2-4926-90b3-b5a468a5a855_27-765_1	131
N3	perk_nuc_scf7180000003560_925-2762_1-1837_901	531279
N3	perk_nuc_scf7180000003326_75881-76823_1-942_1	50253
N3	perk_nuc_scf7180000003897_16527-17683_3-1156_1	3042938
N3	perk_nuc_scf7180000003913_1473-2529_1-1056_1	1217095
N3	perk_nuc_scf7180000003454_34019-35215_1-1193_1	14554
N3	perk_nuc_scf7180000003515_97413-101057_1-3580_1501	134
N3	perk_nuc_scf7180000003515_97393-101483_18-3600_901	1393217
N3	paramoeba_nuc_1470934d-65f8-451a-be8f-f65c6f0f857d_1-523_1	8646
N3	paramoeba_mito_scf7180000003282_5381-6781_1	12112
N3	paramoeba_nuc_scf7180000004653_9090-9584_1	186169
N41	paramoeba_mito_scf7180000003282_17181-17683_1	92882
N41	perk_mito_lcl_KT261385.1_cds_ALR73785.1_1_2251	0
N41	paramoeba_nuc_scf7180000003537_4360-5238_1	22846
N41	paramoeba_mito_844d98a6-101b-424e-82ab-b4beb7985a5e_16-472_1	32919
N41	perk_mito_lcl_KT261385.1_cds_ALR73787.1_3_1	60833
N41	paramoeba_mito_d9f872cc-4915-4218-bcca-14a2b2446441_79-629_1	220888
N41	paramoeba_mito_scf7180000003282_72335-73819_451	131543
N41	paramoeba_mito_scf7180000003282_2577-3764_451	11079
N41	paramoeba_nuc_2474b264-82c9-41bc-83f7-da2b5b94a433_93-564_1	22973
N41	paramoeba_mito_scf7180000003282_37622-38599_451	28118
N41	perk_mito_lcl_KT261384.1_cds_ALR73784.1_2_1	18929
N41	perk_nuc_scf7180000003402_73894-74460_1	87572
N41	perk_nuc_scf7180000003591_3416-4408_1-990_1	32980
N41	perk_nuc_scf7180000003623_28906-30006_1-1100_1	32635
N41	perk_nuc_scf7180000003752_5410-7175_739-1757_1	29413
N41	perk_nuc_scf7180000003610_11439-12994_245-1203_1	0
N41	paramoeba_nuc_9042c6bc-20c4-4666-9a3b-25d3d5e60837_173-683_1	7488
N41	perk_nuc_scf7180000003402_73455-74100_1	752772
N41	perk_nuc_scf7180000003352_71298-72206_1-908_1	542604
N41	perk_nuc_scf7180000003591_3414-9913_1-2291_901	30031
N41	perk_nuc_scf7180000003334_39138-40969_372-1777_1	23632
N41	paramoeba_nuc_9c47213e-a9a3-4bd8-b423-45221f6c0675_1-2364_1801	13111
N41	perk_nuc_scf7180000003602_54737-56021_1-1284_1	89852
N41	perk_nuc_scf7180000003687_22701-24808_4-2107_901	77548
N41	paramoeba_nuc_9c47213e-a9a3-4bd8-b423-45221f6c0675_1-2364_1351	666
N41	paramoeba_nuc_4f7562e3-280b-4809-b18d-cd20dff1ce4f_1-1988_1351	656
N41	perk_nuc_scf7180000003687_22703-23724_2-1021_1	100804
N41	perk_nuc_scf7180000003411_95621-97517_1-1896_1	22015
N41	paramoeba_nuc_9c47213e-a9a3-4bd8-b423-45221f6c0675_1-2364_1	22042
N41	paramoeba_nuc_4f7562e3-280b-4809-b18d-cd20dff1ce4f_1-1988_451	127700
N41	perk_nuc_scf7180000003687_28378-29539_1-1161_1	106568
N41	perk_nuc_scf7180000003660_28831-29439_1	38927
N41	perk_nuc_scf7180000003435_20352-22534_1-2182_901	0
N41	perk_nuc_scf7180000003435_21523-22534_1-1011_1	31611
N41	perk_nuc_scf7180000003334_14360-15471_115-1021_1	204006
N41	paramoeba_nuc_scf7180000003402_66620-67222_1	121430
N41	perk_nuc_scf7180000003316_105075-106432_82-1354_1	21342
N41	paramoeba_nuc_scf7180000003517_25093-25627_1	10145
N41	perk_nuc_scf7180000003478_19048-20119_1-1071_1	22774
N41	perk_nuc_scf7180000003897_23035-23940_1-905_1	16036
N41	perk_nuc_scf7180000003532_6044-7296_4-1252_1	68766
N41	paramoeba_nuc_b2668679-a471-4ab8-bea4-f5898a7a47e4_2-467_1	13653
N41	perk_nuc_scf7180000003402_72046-72895_1	11847
N41	perk_nuc_scf7180000003709_72424-73568_3-1144_1	30920
N41	paramoeba_nuc_91d69197-72f2-4926-90b3-b5a468a5a855_27-765_1	2875
N41	perk_nuc_scf7180000003560_925-2762_1-1837_901	151504
N41	perk_nuc_scf7180000003326_75881-76823_1-942_1	11174
N41	perk_nuc_scf7180000003897_16527-17683_3-1156_1	577477
N41	perk_nuc_scf7180000003913_1473-2529_1-1056_1	130725
N41	perk_nuc_scf7180000003454_34019-35215_1-1193_1	8194
N41	perk_nuc_scf7180000003515_97413-101057_1-3580_1501	27217
N41	perk_nuc_scf7180000003515_97393-101483_18-3600_901	44862
N41	paramoeba_nuc_1470934d-65f8-451a-be8f-f65c6f0f857d_1-523_1	22228
N41	paramoeba_mito_scf7180000003282_5381-6781_1	234852
N41	paramoeba_nuc_scf7180000004653_9090-9584_1	517524
N43	paramoeba_mito_scf7180000003282_17181-17683_1	949
N43	perk_mito_lcl_KT261385.1_cds_ALR73785.1_1_2251	0
N43	paramoeba_nuc_scf7180000003537_4360-5238_1	58
N43	paramoeba_mito_844d98a6-101b-424e-82ab-b4beb7985a5e_16-472_1	8112
N43	perk_mito_lcl_KT261385.1_cds_ALR73787.1_3_1	0
N43	paramoeba_mito_d9f872cc-4915-4218-bcca-14a2b2446441_79-629_1	102079
N43	paramoeba_mito_scf7180000003282_72335-73819_451	33715
N43	paramoeba_mito_scf7180000003282_2577-3764_451	9940
N43	paramoeba_nuc_2474b264-82c9-41bc-83f7-da2b5b94a433_93-564_1	1492
N43	paramoeba_mito_scf7180000003282_37622-38599_451	10470
N43	perk_mito_lcl_KT261384.1_cds_ALR73784.1_2_1	0
N43	perk_nuc_scf7180000003402_73894-74460_1	96427
N43	perk_nuc_scf7180000003591_3416-4408_1-990_1	49225
N43	perk_nuc_scf7180000003623_28906-30006_1-1100_1	24312
N43	perk_nuc_scf7180000003752_5410-7175_739-1757_1	40380
N43	perk_nuc_scf7180000003610_11439-12994_245-1203_1	0
N43	paramoeba_nuc_9042c6bc-20c4-4666-9a3b-25d3d5e60837_173-683_1	0
N43	perk_nuc_scf7180000003402_73455-74100_1	620259
N43	perk_nuc_scf7180000003352_71298-72206_1-908_1	709573
N43	perk_nuc_scf7180000003591_3414-9913_1-2291_901	5113
N43	perk_nuc_scf7180000003334_39138-40969_372-1777_1	3251
N43	paramoeba_nuc_9c47213e-a9a3-4bd8-b423-45221f6c0675_1-2364_1801	10222
N43	perk_nuc_scf7180000003602_54737-56021_1-1284_1	115940
N43	perk_nuc_scf7180000003687_22701-24808_4-2107_901	142563
N43	paramoeba_nuc_9c47213e-a9a3-4bd8-b423-45221f6c0675_1-2364_1351	1
N43	paramoeba_nuc_4f7562e3-280b-4809-b18d-cd20dff1ce4f_1-1988_1351	0
N43	perk_nuc_scf7180000003687_22703-23724_2-1021_1	56735
N43	perk_nuc_scf7180000003411_95621-97517_1-1896_1	36974
N43	paramoeba_nuc_9c47213e-a9a3-4bd8-b423-45221f6c0675_1-2364_1	5255
N43	paramoeba_nuc_4f7562e3-280b-4809-b18d-cd20dff1ce4f_1-1988_451	5023
N43	perk_nuc_scf7180000003687_28378-29539_1-1161_1	122020
N43	perk_nuc_scf7180000003660_28831-29439_1	2875
N43	perk_nuc_scf7180000003435_20352-22534_1-2182_901	0
N43	perk_nuc_scf7180000003435_21523-22534_1-1011_1	19918
N43	perk_nuc_scf7180000003334_14360-15471_115-1021_1	369656
N43	paramoeba_nuc_scf7180000003402_66620-67222_1	72803
N43	perk_nuc_scf7180000003316_105075-106432_82-1354_1	19900
N43	paramoeba_nuc_scf7180000003517_25093-25627_1	10022
N43	perk_nuc_scf7180000003478_19048-20119_1-1071_1	121
N43	perk_nuc_scf7180000003897_23035-23940_1-905_1	1940
N43	perk_nuc_scf7180000003532_6044-7296_4-1252_1	58651
N43	paramoeba_nuc_b2668679-a471-4ab8-bea4-f5898a7a47e4_2-467_1	18755
N43	perk_nuc_scf7180000003402_72046-72895_1	13097
N43	perk_nuc_scf7180000003709_72424-73568_3-1144_1	63576
N43	paramoeba_nuc_91d69197-72f2-4926-90b3-b5a468a5a855_27-765_1	10
N43	perk_nuc_scf7180000003560_925-2762_1-1837_901	138144
N43	perk_nuc_scf7180000003326_75881-76823_1-942_1	14342
N43	perk_nuc_scf7180000003897_16527-17683_3-1156_1	699536
N43	perk_nuc_scf7180000003913_1473-2529_1-1056_1	242360
N43	perk_nuc_scf7180000003454_34019-35215_1-1193_1	6286
N43	perk_nuc_scf7180000003515_97413-101057_1-3580_1501	18
N43	perk_nuc_scf7180000003515_97393-101483_18-3600_901	73168
N43	paramoeba_nuc_1470934d-65f8-451a-be8f-f65c6f0f857d_1-523_1	25940
N43	paramoeba_mito_scf7180000003282_5381-6781_1	111349
N43	paramoeba_nuc_scf7180000004653_9090-9584_1	358580
N45	paramoeba_mito_scf7180000003282_17181-17683_1	77362
N45	perk_mito_lcl_KT261385.1_cds_ALR73785.1_1_2251	2031
N45	paramoeba_nuc_scf7180000003537_4360-5238_1	20740
N45	paramoeba_mito_844d98a6-101b-424e-82ab-b4beb7985a5e_16-472_1	10169
N45	perk_mito_lcl_KT261385.1_cds_ALR73787.1_3_1	40912
N45	paramoeba_mito_d9f872cc-4915-4218-bcca-14a2b2446441_79-629_1	71791
N45	paramoeba_mito_scf7180000003282_72335-73819_451	29030
N45	paramoeba_mito_scf7180000003282_2577-3764_451	16946
N45	paramoeba_nuc_2474b264-82c9-41bc-83f7-da2b5b94a433_93-564_1	20323
N45	paramoeba_mito_scf7180000003282_37622-38599_451	10310
N45	perk_mito_lcl_KT261384.1_cds_ALR73784.1_2_1	14076
N45	perk_nuc_scf7180000003402_73894-74460_1	54325
N45	perk_nuc_scf7180000003591_3416-4408_1-990_1	56983
N45	perk_nuc_scf7180000003623_28906-30006_1-1100_1	19374
N45	perk_nuc_scf7180000003752_5410-7175_739-1757_1	35147
N45	perk_nuc_scf7180000003610_11439-12994_245-1203_1	0
N45	paramoeba_nuc_9042c6bc-20c4-4666-9a3b-25d3d5e60837_173-683_1	14476
N45	perk_nuc_scf7180000003402_73455-74100_1	401167
N45	perk_nuc_scf7180000003352_71298-72206_1-908_1	371172
N45	perk_nuc_scf7180000003591_3414-9913_1-2291_901	28504
N45	perk_nuc_scf7180000003334_39138-40969_372-1777_1	13876
N45	paramoeba_nuc_9c47213e-a9a3-4bd8-b423-45221f6c0675_1-2364_1801	9294
N45	perk_nuc_scf7180000003602_54737-56021_1-1284_1	73492
N45	perk_nuc_scf7180000003687_22701-24808_4-2107_901	30888
N45	paramoeba_nuc_9c47213e-a9a3-4bd8-b423-45221f6c0675_1-2364_1351	10765
N45	paramoeba_nuc_4f7562e3-280b-4809-b18d-cd20dff1ce4f_1-1988_1351	36447
N45	perk_nuc_scf7180000003687_22703-23724_2-1021_1	30853
N45	perk_nuc_scf7180000003411_95621-97517_1-1896_1	23200
N45	paramoeba_nuc_9c47213e-a9a3-4bd8-b423-45221f6c0675_1-2364_1	8514
N45	paramoeba_nuc_4f7562e3-280b-4809-b18d-cd20dff1ce4f_1-1988_451	78117
N45	perk_nuc_scf7180000003687_28378-29539_1-1161_1	74862
N45	perk_nuc_scf7180000003660_28831-29439_1	84776
N45	perk_nuc_scf7180000003435_20352-22534_1-2182_901	13
N45	perk_nuc_scf7180000003435_21523-22534_1-1011_1	31995
N45	perk_nuc_scf7180000003334_14360-15471_115-1021_1	331563
N45	paramoeba_nuc_scf7180000003402_66620-67222_1	77279
N45	perk_nuc_scf7180000003316_105075-106432_82-1354_1	19617
N45	paramoeba_nuc_scf7180000003517_25093-25627_1	14068
N45	perk_nuc_scf7180000003478_19048-20119_1-1071_1	27462
N45	perk_nuc_scf7180000003897_23035-23940_1-905_1	15270
N45	perk_nuc_scf7180000003532_6044-7296_4-1252_1	40268
N45	paramoeba_nuc_b2668679-a471-4ab8-bea4-f5898a7a47e4_2-467_1	3996
N45	perk_nuc_scf7180000003402_72046-72895_1	14180
N45	perk_nuc_scf7180000003709_72424-73568_3-1144_1	66293
N45	paramoeba_nuc_91d69197-72f2-4926-90b3-b5a468a5a855_27-765_1	11918
N45	perk_nuc_scf7180000003560_925-2762_1-1837_901	32033
N45	perk_nuc_scf7180000003326_75881-76823_1-942_1	14013
N45	perk_nuc_scf7180000003897_16527-17683_3-1156_1	121198
N45	perk_nuc_scf7180000003913_1473-2529_1-1056_1	72368
N45	perk_nuc_scf7180000003454_34019-35215_1-1193_1	2102
N45	perk_nuc_scf7180000003515_97413-101057_1-3580_1501	15253
N45	perk_nuc_scf7180000003515_97393-101483_18-3600_901	43146
N45	paramoeba_nuc_1470934d-65f8-451a-be8f-f65c6f0f857d_1-523_1	61602
N45	paramoeba_mito_scf7180000003282_5381-6781_1	44713
N45	paramoeba_nuc_scf7180000004653_9090-9584_1	400367
N46	paramoeba_mito_scf7180000003282_17181-17683_1	300
N46	perk_mito_lcl_KT261385.1_cds_ALR73785.1_1_2251	0
N46	paramoeba_nuc_scf7180000003537_4360-5238_1	88
N46	paramoeba_mito_844d98a6-101b-424e-82ab-b4beb7985a5e_16-472_1	243
N46	perk_mito_lcl_KT261385.1_cds_ALR73787.1_3_1	0
N46	paramoeba_mito_d9f872cc-4915-4218-bcca-14a2b2446441_79-629_1	196172
N46	paramoeba_mito_scf7180000003282_72335-73819_451	73920
N46	paramoeba_mito_scf7180000003282_2577-3764_451	7538
N46	paramoeba_nuc_2474b264-82c9-41bc-83f7-da2b5b94a433_93-564_1	613
N46	paramoeba_mito_scf7180000003282_37622-38599_451	15096
N46	perk_mito_lcl_KT261384.1_cds_ALR73784.1_2_1	0
N46	perk_nuc_scf7180000003402_73894-74460_1	6372
N46	perk_nuc_scf7180000003591_3416-4408_1-990_1	26954
N46	perk_nuc_scf7180000003623_28906-30006_1-1100_1	21603
N46	perk_nuc_scf7180000003752_5410-7175_739-1757_1	38814
N46	perk_nuc_scf7180000003610_11439-12994_245-1203_1	0
N46	paramoeba_nuc_9042c6bc-20c4-4666-9a3b-25d3d5e60837_173-683_1	0
N46	perk_nuc_scf7180000003402_73455-74100_1	491543
N46	perk_nuc_scf7180000003352_71298-72206_1-908_1	950261
N46	perk_nuc_scf7180000003591_3414-9913_1-2291_901	1878
N46	perk_nuc_scf7180000003334_39138-40969_372-1777_1	4832
N46	paramoeba_nuc_9c47213e-a9a3-4bd8-b423-45221f6c0675_1-2364_1801	6890
N46	perk_nuc_scf7180000003602_54737-56021_1-1284_1	24463
N46	perk_nuc_scf7180000003687_22701-24808_4-2107_901	54954
N46	paramoeba_nuc_9c47213e-a9a3-4bd8-b423-45221f6c0675_1-2364_1351	0
N46	paramoeba_nuc_4f7562e3-280b-4809-b18d-cd20dff1ce4f_1-1988_1351	0
N46	perk_nuc_scf7180000003687_22703-23724_2-1021_1	45215
N46	perk_nuc_scf7180000003411_95621-97517_1-1896_1	42778
N46	paramoeba_nuc_9c47213e-a9a3-4bd8-b423-45221f6c0675_1-2364_1	1933
N46	paramoeba_nuc_4f7562e3-280b-4809-b18d-cd20dff1ce4f_1-1988_451	2102
N46	perk_nuc_scf7180000003687_28378-29539_1-1161_1	52424
N46	perk_nuc_scf7180000003660_28831-29439_1	83
N46	perk_nuc_scf7180000003435_20352-22534_1-2182_901	0
N46	perk_nuc_scf7180000003435_21523-22534_1-1011_1	9894
N46	perk_nuc_scf7180000003334_14360-15471_115-1021_1	202713
N46	paramoeba_nuc_scf7180000003402_66620-67222_1	43529
N46	perk_nuc_scf7180000003316_105075-106432_82-1354_1	12301
N46	paramoeba_nuc_scf7180000003517_25093-25627_1	11525
N46	perk_nuc_scf7180000003478_19048-20119_1-1071_1	309
N46	perk_nuc_scf7180000003897_23035-23940_1-905_1	554
N46	perk_nuc_scf7180000003532_6044-7296_4-1252_1	18888
N46	paramoeba_nuc_b2668679-a471-4ab8-bea4-f5898a7a47e4_2-467_1	13568
N46	perk_nuc_scf7180000003402_72046-72895_1	6753
N46	perk_nuc_scf7180000003709_72424-73568_3-1144_1	71177
N46	paramoeba_nuc_91d69197-72f2-4926-90b3-b5a468a5a855_27-765_1	1149
N46	perk_nuc_scf7180000003560_925-2762_1-1837_901	167914
N46	perk_nuc_scf7180000003326_75881-76823_1-942_1	6750
N46	perk_nuc_scf7180000003897_16527-17683_3-1156_1	886990
N46	perk_nuc_scf7180000003913_1473-2529_1-1056_1	145325
N46	perk_nuc_scf7180000003454_34019-35215_1-1193_1	9685
N46	perk_nuc_scf7180000003515_97413-101057_1-3580_1501	7
N46	perk_nuc_scf7180000003515_97393-101483_18-3600_901	60919
N46	paramoeba_nuc_1470934d-65f8-451a-be8f-f65c6f0f857d_1-523_1	10029
N46	paramoeba_mito_scf7180000003282_5381-6781_1	249827
N46	paramoeba_nuc_scf7180000004653_9090-9584_1	106377
N49	paramoeba_mito_scf7180000003282_17181-17683_1	37336
N49	perk_mito_lcl_KT261385.1_cds_ALR73785.1_1_2251	0
N49	paramoeba_nuc_scf7180000003537_4360-5238_1	14851
N49	paramoeba_mito_844d98a6-101b-424e-82ab-b4beb7985a5e_16-472_1	10470
N49	perk_mito_lcl_KT261385.1_cds_ALR73787.1_3_1	31092
N49	paramoeba_mito_d9f872cc-4915-4218-bcca-14a2b2446441_79-629_1	631120
N49	paramoeba_mito_scf7180000003282_72335-73819_451	109062
N49	paramoeba_mito_scf7180000003282_2577-3764_451	5525
N49	paramoeba_nuc_2474b264-82c9-41bc-83f7-da2b5b94a433_93-564_1	11073
N49	paramoeba_mito_scf7180000003282_37622-38599_451	15183
N49	perk_mito_lcl_KT261384.1_cds_ALR73784.1_2_1	12951
N49	perk_nuc_scf7180000003402_73894-74460_1	54371
N49	perk_nuc_scf7180000003591_3416-4408_1-990_1	37418
N49	perk_nuc_scf7180000003623_28906-30006_1-1100_1	23443
N49	perk_nuc_scf7180000003752_5410-7175_739-1757_1	12733
N49	perk_nuc_scf7180000003610_11439-12994_245-1203_1	0
N49	paramoeba_nuc_9042c6bc-20c4-4666-9a3b-25d3d5e60837_173-683_1	0
N49	perk_nuc_scf7180000003402_73455-74100_1	949952
N49	perk_nuc_scf7180000003352_71298-72206_1-908_1	176631
N49	perk_nuc_scf7180000003591_3414-9913_1-2291_901	31178
N49	perk_nuc_scf7180000003334_39138-40969_372-1777_1	20474
N49	paramoeba_nuc_9c47213e-a9a3-4bd8-b423-45221f6c0675_1-2364_1801	13537
N49	perk_nuc_scf7180000003602_54737-56021_1-1284_1	57891
N49	perk_nuc_scf7180000003687_22701-24808_4-2107_901	56278
N49	paramoeba_nuc_9c47213e-a9a3-4bd8-b423-45221f6c0675_1-2364_1351	577
N49	paramoeba_nuc_4f7562e3-280b-4809-b18d-cd20dff1ce4f_1-1988_1351	124
N49	perk_nuc_scf7180000003687_22703-23724_2-1021_1	44364
N49	perk_nuc_scf7180000003411_95621-97517_1-1896_1	12758
N49	paramoeba_nuc_9c47213e-a9a3-4bd8-b423-45221f6c0675_1-2364_1	3608
N49	paramoeba_nuc_4f7562e3-280b-4809-b18d-cd20dff1ce4f_1-1988_451	88814
N49	perk_nuc_scf7180000003687_28378-29539_1-1161_1	56642
N49	perk_nuc_scf7180000003660_28831-29439_1	44713
N49	perk_nuc_scf7180000003435_20352-22534_1-2182_901	0
N49	perk_nuc_scf7180000003435_21523-22534_1-1011_1	12554
N49	perk_nuc_scf7180000003334_14360-15471_115-1021_1	75519
N49	paramoeba_nuc_scf7180000003402_66620-67222_1	153048
N49	perk_nuc_scf7180000003316_105075-106432_82-1354_1	3546
N49	paramoeba_nuc_scf7180000003517_25093-25627_1	16962
N49	perk_nuc_scf7180000003478_19048-20119_1-1071_1	27440
N49	perk_nuc_scf7180000003897_23035-23940_1-905_1	6972
N49	perk_nuc_scf7180000003532_6044-7296_4-1252_1	6124
N49	paramoeba_nuc_b2668679-a471-4ab8-bea4-f5898a7a47e4_2-467_1	11241
N49	perk_nuc_scf7180000003402_72046-72895_1	15036
N49	perk_nuc_scf7180000003709_72424-73568_3-1144_1	48491
N49	paramoeba_nuc_91d69197-72f2-4926-90b3-b5a468a5a855_27-765_1	24233
N49	perk_nuc_scf7180000003560_925-2762_1-1837_901	117885
N49	perk_nuc_scf7180000003326_75881-76823_1-942_1	11288
N49	perk_nuc_scf7180000003897_16527-17683_3-1156_1	251891
N49	perk_nuc_scf7180000003913_1473-2529_1-1056_1	103604
N49	perk_nuc_scf7180000003454_34019-35215_1-1193_1	11532
N49	perk_nuc_scf7180000003515_97413-101057_1-3580_1501	16675
N49	perk_nuc_scf7180000003515_97393-101483_18-3600_901	44143
N49	paramoeba_nuc_1470934d-65f8-451a-be8f-f65c6f0f857d_1-523_1	16151
N49	paramoeba_mito_scf7180000003282_5381-6781_1	1377007
N49	paramoeba_nuc_scf7180000004653_9090-9584_1	261488
N50	paramoeba_mito_scf7180000003282_17181-17683_1	42772
N50	perk_mito_lcl_KT261385.1_cds_ALR73785.1_1_2251	2516
N50	paramoeba_nuc_scf7180000003537_4360-5238_1	24552
N50	paramoeba_mito_844d98a6-101b-424e-82ab-b4beb7985a5e_16-472_1	24924
N50	perk_mito_lcl_KT261385.1_cds_ALR73787.1_3_1	31215
N50	paramoeba_mito_d9f872cc-4915-4218-bcca-14a2b2446441_79-629_1	143518
N50	paramoeba_mito_scf7180000003282_72335-73819_451	55739
N50	paramoeba_mito_scf7180000003282_2577-3764_451	17185
N50	paramoeba_nuc_2474b264-82c9-41bc-83f7-da2b5b94a433_93-564_1	25094
N50	paramoeba_mito_scf7180000003282_37622-38599_451	21297
N50	perk_mito_lcl_KT261384.1_cds_ALR73784.1_2_1	17946
N50	perk_nuc_scf7180000003402_73894-74460_1	40487
N50	perk_nuc_scf7180000003591_3416-4408_1-990_1	42301
N50	perk_nuc_scf7180000003623_28906-30006_1-1100_1	15459
N50	perk_nuc_scf7180000003752_5410-7175_739-1757_1	32795
N50	perk_nuc_scf7180000003610_11439-12994_245-1203_1	0
N50	paramoeba_nuc_9042c6bc-20c4-4666-9a3b-25d3d5e60837_173-683_1	17410
N50	perk_nuc_scf7180000003402_73455-74100_1	184307
N50	perk_nuc_scf7180000003352_71298-72206_1-908_1	232308
N50	perk_nuc_scf7180000003591_3414-9913_1-2291_901	29637
N50	perk_nuc_scf7180000003334_39138-40969_372-1777_1	25250
N50	paramoeba_nuc_9c47213e-a9a3-4bd8-b423-45221f6c0675_1-2364_1801	17774
N50	perk_nuc_scf7180000003602_54737-56021_1-1284_1	47501
N50	perk_nuc_scf7180000003687_22701-24808_4-2107_901	56319
N50	paramoeba_nuc_9c47213e-a9a3-4bd8-b423-45221f6c0675_1-2364_1351	14616
N50	paramoeba_nuc_4f7562e3-280b-4809-b18d-cd20dff1ce4f_1-1988_1351	18430
N50	perk_nuc_scf7180000003687_22703-23724_2-1021_1	33699
N50	perk_nuc_scf7180000003411_95621-97517_1-1896_1	27995
N50	paramoeba_nuc_9c47213e-a9a3-4bd8-b423-45221f6c0675_1-2364_1	16306
N50	paramoeba_nuc_4f7562e3-280b-4809-b18d-cd20dff1ce4f_1-1988_451	115934
N50	perk_nuc_scf7180000003687_28378-29539_1-1161_1	89064
N50	perk_nuc_scf7180000003660_28831-29439_1	56524
N50	perk_nuc_scf7180000003435_20352-22534_1-2182_901	25
N50	perk_nuc_scf7180000003435_21523-22534_1-1011_1	23894
N50	perk_nuc_scf7180000003334_14360-15471_115-1021_1	437801
N50	paramoeba_nuc_scf7180000003402_66620-67222_1	49756
N50	perk_nuc_scf7180000003316_105075-106432_82-1354_1	27988
N50	paramoeba_nuc_scf7180000003517_25093-25627_1	21175
N50	perk_nuc_scf7180000003478_19048-20119_1-1071_1	39422
N50	perk_nuc_scf7180000003897_23035-23940_1-905_1	28538
N50	perk_nuc_scf7180000003532_6044-7296_4-1252_1	45744
N50	paramoeba_nuc_b2668679-a471-4ab8-bea4-f5898a7a47e4_2-467_1	19278
N50	perk_nuc_scf7180000003402_72046-72895_1	21601
N50	perk_nuc_scf7180000003709_72424-73568_3-1144_1	49978
N50	paramoeba_nuc_91d69197-72f2-4926-90b3-b5a468a5a855_27-765_1	20744
N50	perk_nuc_scf7180000003560_925-2762_1-1837_901	126456
N50	perk_nuc_scf7180000003326_75881-76823_1-942_1	16754
N50	perk_nuc_scf7180000003897_16527-17683_3-1156_1	132075
N50	perk_nuc_scf7180000003913_1473-2529_1-1056_1	103424
N50	perk_nuc_scf7180000003454_34019-35215_1-1193_1	4104
N50	perk_nuc_scf7180000003515_97413-101057_1-3580_1501	12444
N50	perk_nuc_scf7180000003515_97393-101483_18-3600_901	56315
N50	paramoeba_nuc_1470934d-65f8-451a-be8f-f65c6f0f857d_1-523_1	56982
N50	paramoeba_mito_scf7180000003282_5381-6781_1	104256
N50	paramoeba_nuc_scf7180000004653_9090-9584_1	351603
N51	paramoeba_mito_scf7180000003282_17181-17683_1	210394
N51	perk_mito_lcl_KT261385.1_cds_ALR73785.1_1_2251	0
N51	paramoeba_nuc_scf7180000003537_4360-5238_1	83645
N51	paramoeba_mito_844d98a6-101b-424e-82ab-b4beb7985a5e_16-472_1	572353
N51	perk_mito_lcl_KT261385.1_cds_ALR73787.1_3_1	52192
N51	paramoeba_mito_d9f872cc-4915-4218-bcca-14a2b2446441_79-629_1	1033120
N51	paramoeba_mito_scf7180000003282_72335-73819_451	223220
N51	paramoeba_mito_scf7180000003282_2577-3764_451	7937
N51	paramoeba_nuc_2474b264-82c9-41bc-83f7-da2b5b94a433_93-564_1	22964
N51	paramoeba_mito_scf7180000003282_37622-38599_451	12566
N51	perk_mito_lcl_KT261384.1_cds_ALR73784.1_2_1	0
N51	perk_nuc_scf7180000003402_73894-74460_1	385150
N51	perk_nuc_scf7180000003591_3416-4408_1-990_1	294477
N51	perk_nuc_scf7180000003623_28906-30006_1-1100_1	35226
N51	perk_nuc_scf7180000003752_5410-7175_739-1757_1	55999
N51	perk_nuc_scf7180000003610_11439-12994_245-1203_1	0
N51	paramoeba_nuc_9042c6bc-20c4-4666-9a3b-25d3d5e60837_173-683_1	0
N51	perk_nuc_scf7180000003402_73455-74100_1	1881747
N51	perk_nuc_scf7180000003352_71298-72206_1-908_1	1764207
N51	perk_nuc_scf7180000003591_3414-9913_1-2291_901	34875
N51	perk_nuc_scf7180000003334_39138-40969_372-1777_1	16088
N51	paramoeba_nuc_9c47213e-a9a3-4bd8-b423-45221f6c0675_1-2364_1801	1564
N51	perk_nuc_scf7180000003602_54737-56021_1-1284_1	442931
N51	perk_nuc_scf7180000003687_22701-24808_4-2107_901	245927
N51	paramoeba_nuc_9c47213e-a9a3-4bd8-b423-45221f6c0675_1-2364_1351	141764
N51	paramoeba_nuc_4f7562e3-280b-4809-b18d-cd20dff1ce4f_1-1988_1351	15
N51	perk_nuc_scf7180000003687_22703-23724_2-1021_1	211713
N51	perk_nuc_scf7180000003411_95621-97517_1-1896_1	301463
N51	paramoeba_nuc_9c47213e-a9a3-4bd8-b423-45221f6c0675_1-2364_1	156
N51	paramoeba_nuc_4f7562e3-280b-4809-b18d-cd20dff1ce4f_1-1988_451	700861
N51	perk_nuc_scf7180000003687_28378-29539_1-1161_1	245897
N51	perk_nuc_scf7180000003660_28831-29439_1	35791
N51	perk_nuc_scf7180000003435_20352-22534_1-2182_901	0
N51	perk_nuc_scf7180000003435_21523-22534_1-1011_1	45859
N51	perk_nuc_scf7180000003334_14360-15471_115-1021_1	2751313
N51	paramoeba_nuc_scf7180000003402_66620-67222_1	140386
N51	perk_nuc_scf7180000003316_105075-106432_82-1354_1	100498
N51	paramoeba_nuc_scf7180000003517_25093-25627_1	2558
N51	perk_nuc_scf7180000003478_19048-20119_1-1071_1	560
N51	perk_nuc_scf7180000003897_23035-23940_1-905_1	25562
N51	perk_nuc_scf7180000003532_6044-7296_4-1252_1	231977
N51	paramoeba_nuc_b2668679-a471-4ab8-bea4-f5898a7a47e4_2-467_1	74639
N51	perk_nuc_scf7180000003402_72046-72895_1	6404
N51	perk_nuc_scf7180000003709_72424-73568_3-1144_1	217948
N51	paramoeba_nuc_91d69197-72f2-4926-90b3-b5a468a5a855_27-765_1	79
N51	perk_nuc_scf7180000003560_925-2762_1-1837_901	509714
N51	perk_nuc_scf7180000003326_75881-76823_1-942_1	27488
N51	perk_nuc_scf7180000003897_16527-17683_3-1156_1	358040
N51	perk_nuc_scf7180000003913_1473-2529_1-1056_1	301242
N51	perk_nuc_scf7180000003454_34019-35215_1-1193_1	2782
N51	perk_nuc_scf7180000003515_97413-101057_1-3580_1501	83618
N51	perk_nuc_scf7180000003515_97393-101483_18-3600_901	140715
N51	paramoeba_nuc_1470934d-65f8-451a-be8f-f65c6f0f857d_1-523_1	16468
N51	paramoeba_mito_scf7180000003282_5381-6781_1	1039329
N51	paramoeba_nuc_scf7180000004653_9090-9584_1	1720809
N54	paramoeba_mito_scf7180000003282_17181-17683_1	135595
N54	perk_mito_lcl_KT261385.1_cds_ALR73785.1_1_2251	0
N54	paramoeba_nuc_scf7180000003537_4360-5238_1	56352
N54	paramoeba_mito_844d98a6-101b-424e-82ab-b4beb7985a5e_16-472_1	547198
N54	perk_mito_lcl_KT261385.1_cds_ALR73787.1_3_1	54003
N54	paramoeba_mito_d9f872cc-4915-4218-bcca-14a2b2446441_79-629_1	1037740
N54	paramoeba_mito_scf7180000003282_72335-73819_451	54713
N54	paramoeba_mito_scf7180000003282_2577-3764_451	19258
N54	paramoeba_nuc_2474b264-82c9-41bc-83f7-da2b5b94a433_93-564_1	68814
N54	paramoeba_mito_scf7180000003282_37622-38599_451	304069
N54	perk_mito_lcl_KT261384.1_cds_ALR73784.1_2_1	0
N54	perk_nuc_scf7180000003402_73894-74460_1	742746
N54	perk_nuc_scf7180000003591_3416-4408_1-990_1	360827
N54	perk_nuc_scf7180000003623_28906-30006_1-1100_1	56042
N54	perk_nuc_scf7180000003752_5410-7175_739-1757_1	47725
N54	perk_nuc_scf7180000003610_11439-12994_245-1203_1	0
N54	paramoeba_nuc_9042c6bc-20c4-4666-9a3b-25d3d5e60837_173-683_1	543
N54	perk_nuc_scf7180000003402_73455-74100_1	5162716
N54	perk_nuc_scf7180000003352_71298-72206_1-908_1	2632976
N54	perk_nuc_scf7180000003591_3414-9913_1-2291_901	64043
N54	perk_nuc_scf7180000003334_39138-40969_372-1777_1	264209
N54	paramoeba_nuc_9c47213e-a9a3-4bd8-b423-45221f6c0675_1-2364_1801	197795
N54	perk_nuc_scf7180000003602_54737-56021_1-1284_1	427020
N54	perk_nuc_scf7180000003687_22701-24808_4-2107_901	513568
N54	paramoeba_nuc_9c47213e-a9a3-4bd8-b423-45221f6c0675_1-2364_1351	63070
N54	paramoeba_nuc_4f7562e3-280b-4809-b18d-cd20dff1ce4f_1-1988_1351	221
N54	perk_nuc_scf7180000003687_22703-23724_2-1021_1	263048
N54	perk_nuc_scf7180000003411_95621-97517_1-1896_1	178241
N54	paramoeba_nuc_9c47213e-a9a3-4bd8-b423-45221f6c0675_1-2364_1	101540
N54	paramoeba_nuc_4f7562e3-280b-4809-b18d-cd20dff1ce4f_1-1988_451	318274
N54	perk_nuc_scf7180000003687_28378-29539_1-1161_1	325422
N54	perk_nuc_scf7180000003660_28831-29439_1	55003
N54	perk_nuc_scf7180000003435_20352-22534_1-2182_901	0
N54	perk_nuc_scf7180000003435_21523-22534_1-1011_1	55087
N54	perk_nuc_scf7180000003334_14360-15471_115-1021_1	509051
N54	paramoeba_nuc_scf7180000003402_66620-67222_1	922746
N54	perk_nuc_scf7180000003316_105075-106432_82-1354_1	121018
N54	paramoeba_nuc_scf7180000003517_25093-25627_1	31605
N54	perk_nuc_scf7180000003478_19048-20119_1-1071_1	4932
N54	perk_nuc_scf7180000003897_23035-23940_1-905_1	138714
N54	perk_nuc_scf7180000003532_6044-7296_4-1252_1	237934
N54	paramoeba_nuc_b2668679-a471-4ab8-bea4-f5898a7a47e4_2-467_1	39301
N54	perk_nuc_scf7180000003402_72046-72895_1	7562
N54	perk_nuc_scf7180000003709_72424-73568_3-1144_1	684505
N54	paramoeba_nuc_91d69197-72f2-4926-90b3-b5a468a5a855_27-765_1	18954
N54	perk_nuc_scf7180000003560_925-2762_1-1837_901	827670
N54	perk_nuc_scf7180000003326_75881-76823_1-942_1	86294
N54	perk_nuc_scf7180000003897_16527-17683_3-1156_1	1839006
N54	perk_nuc_scf7180000003913_1473-2529_1-1056_1	1158355
N54	perk_nuc_scf7180000003454_34019-35215_1-1193_1	57264
N54	perk_nuc_scf7180000003515_97413-101057_1-3580_1501	3074
N54	perk_nuc_scf7180000003515_97393-101483_18-3600_901	318439
N54	paramoeba_nuc_1470934d-65f8-451a-be8f-f65c6f0f857d_1-523_1	11513
N54	paramoeba_mito_scf7180000003282_5381-6781_1	1150808
N54	paramoeba_nuc_scf7180000004653_9090-9584_1	2637532
N55	paramoeba_mito_scf7180000003282_17181-17683_1	181046
N55	perk_mito_lcl_KT261385.1_cds_ALR73785.1_1_2251	0
N55	paramoeba_nuc_scf7180000003537_4360-5238_1	58606
N55	paramoeba_mito_844d98a6-101b-424e-82ab-b4beb7985a5e_16-472_1	453478
N55	perk_mito_lcl_KT261385.1_cds_ALR73787.1_3_1	34510
N55	paramoeba_mito_d9f872cc-4915-4218-bcca-14a2b2446441_79-629_1	1405642
N55	paramoeba_mito_scf7180000003282_72335-73819_451	52701
N55	paramoeba_mito_scf7180000003282_2577-3764_451	21120
N55	paramoeba_nuc_2474b264-82c9-41bc-83f7-da2b5b94a433_93-564_1	109564
N55	paramoeba_mito_scf7180000003282_37622-38599_451	486831
N55	perk_mito_lcl_KT261384.1_cds_ALR73784.1_2_1	9935
N55	perk_nuc_scf7180000003402_73894-74460_1	1256130
N55	perk_nuc_scf7180000003591_3416-4408_1-990_1	500551
N55	perk_nuc_scf7180000003623_28906-30006_1-1100_1	52886
N55	perk_nuc_scf7180000003752_5410-7175_739-1757_1	52026
N55	perk_nuc_scf7180000003610_11439-12994_245-1203_1	0
N55	paramoeba_nuc_9042c6bc-20c4-4666-9a3b-25d3d5e60837_173-683_1	2020
N55	perk_nuc_scf7180000003402_73455-74100_1	6292102
N55	perk_nuc_scf7180000003352_71298-72206_1-908_1	3211743
N55	perk_nuc_scf7180000003591_3414-9913_1-2291_901	77493
N55	perk_nuc_scf7180000003334_39138-40969_372-1777_1	314022
N55	paramoeba_nuc_9c47213e-a9a3-4bd8-b423-45221f6c0675_1-2364_1801	171498
N55	perk_nuc_scf7180000003602_54737-56021_1-1284_1	716127
N55	perk_nuc_scf7180000003687_22701-24808_4-2107_901	543146
N55	paramoeba_nuc_9c47213e-a9a3-4bd8-b423-45221f6c0675_1-2364_1351	2202
N55	paramoeba_nuc_4f7562e3-280b-4809-b18d-cd20dff1ce4f_1-1988_1351	2229
N55	perk_nuc_scf7180000003687_22703-23724_2-1021_1	390338
N55	perk_nuc_scf7180000003411_95621-97517_1-1896_1	124461
N55	paramoeba_nuc_9c47213e-a9a3-4bd8-b423-45221f6c0675_1-2364_1	108591
N55	paramoeba_nuc_4f7562e3-280b-4809-b18d-cd20dff1ce4f_1-1988_451	367054
N55	perk_nuc_scf7180000003687_28378-29539_1-1161_1	218218
N55	perk_nuc_scf7180000003660_28831-29439_1	139068
N55	perk_nuc_scf7180000003435_20352-22534_1-2182_901	0
N55	perk_nuc_scf7180000003435_21523-22534_1-1011_1	64284
N55	perk_nuc_scf7180000003334_14360-15471_115-1021_1	503038
N55	paramoeba_nuc_scf7180000003402_66620-67222_1	1027223
N55	perk_nuc_scf7180000003316_105075-106432_82-1354_1	158939
N55	paramoeba_nuc_scf7180000003517_25093-25627_1	3771
N55	perk_nuc_scf7180000003478_19048-20119_1-1071_1	22749
N55	perk_nuc_scf7180000003897_23035-23940_1-905_1	176564
N55	perk_nuc_scf7180000003532_6044-7296_4-1252_1	234498
N55	paramoeba_nuc_b2668679-a471-4ab8-bea4-f5898a7a47e4_2-467_1	15713
N55	perk_nuc_scf7180000003402_72046-72895_1	6843
N55	perk_nuc_scf7180000003709_72424-73568_3-1144_1	584594
N55	paramoeba_nuc_91d69197-72f2-4926-90b3-b5a468a5a855_27-765_1	7104
N55	perk_nuc_scf7180000003560_925-2762_1-1837_901	568617
N55	perk_nuc_scf7180000003326_75881-76823_1-942_1	163668
N55	perk_nuc_scf7180000003897_16527-17683_3-1156_1	1125878
N55	perk_nuc_scf7180000003913_1473-2529_1-1056_1	1386533
N55	perk_nuc_scf7180000003454_34019-35215_1-1193_1	58403
N55	perk_nuc_scf7180000003515_97413-101057_1-3580_1501	173108
N55	perk_nuc_scf7180000003515_97393-101483_18-3600_901	425422
N55	paramoeba_nuc_1470934d-65f8-451a-be8f-f65c6f0f857d_1-523_1	14614
N55	paramoeba_mito_scf7180000003282_5381-6781_1	1606836
N55	paramoeba_nuc_scf7180000004653_9090-9584_1	3472438
N57	paramoeba_mito_scf7180000003282_17181-17683_1	168321
N57	perk_mito_lcl_KT261385.1_cds_ALR73785.1_1_2251	0
N57	paramoeba_nuc_scf7180000003537_4360-5238_1	60384
N57	paramoeba_mito_844d98a6-101b-424e-82ab-b4beb7985a5e_16-472_1	352723
N57	perk_mito_lcl_KT261385.1_cds_ALR73787.1_3_1	374922
N57	paramoeba_mito_d9f872cc-4915-4218-bcca-14a2b2446441_79-629_1	1256098
N57	paramoeba_mito_scf7180000003282_72335-73819_451	26430
N57	paramoeba_mito_scf7180000003282_2577-3764_451	12333
N57	paramoeba_nuc_2474b264-82c9-41bc-83f7-da2b5b94a433_93-564_1	38683
N57	paramoeba_mito_scf7180000003282_37622-38599_451	84839
N57	perk_mito_lcl_KT261384.1_cds_ALR73784.1_2_1	0
N57	perk_nuc_scf7180000003402_73894-74460_1	429328
N57	perk_nuc_scf7180000003591_3416-4408_1-990_1	380093
N57	perk_nuc_scf7180000003623_28906-30006_1-1100_1	30131
N57	perk_nuc_scf7180000003752_5410-7175_739-1757_1	63038
N57	perk_nuc_scf7180000003610_11439-12994_245-1203_1	0
N57	paramoeba_nuc_9042c6bc-20c4-4666-9a3b-25d3d5e60837_173-683_1	76
N57	perk_nuc_scf7180000003402_73455-74100_1	6281953
N57	perk_nuc_scf7180000003352_71298-72206_1-908_1	1929472
N57	perk_nuc_scf7180000003591_3414-9913_1-2291_901	172129
N57	perk_nuc_scf7180000003334_39138-40969_372-1777_1	281305
N57	paramoeba_nuc_9c47213e-a9a3-4bd8-b423-45221f6c0675_1-2364_1801	177980
N57	perk_nuc_scf7180000003602_54737-56021_1-1284_1	572990
N57	perk_nuc_scf7180000003687_22701-24808_4-2107_901	798176
N57	paramoeba_nuc_9c47213e-a9a3-4bd8-b423-45221f6c0675_1-2364_1351	556450
N57	paramoeba_nuc_4f7562e3-280b-4809-b18d-cd20dff1ce4f_1-1988_1351	288
N57	perk_nuc_scf7180000003687_22703-23724_2-1021_1	310100
N57	perk_nuc_scf7180000003411_95621-97517_1-1896_1	135733
N57	paramoeba_nuc_9c47213e-a9a3-4bd8-b423-45221f6c0675_1-2364_1	126019
N57	paramoeba_nuc_4f7562e3-280b-4809-b18d-cd20dff1ce4f_1-1988_451	494793
N57	perk_nuc_scf7180000003687_28378-29539_1-1161_1	500445
N57	perk_nuc_scf7180000003660_28831-29439_1	60439
N57	perk_nuc_scf7180000003435_20352-22534_1-2182_901	0
N57	perk_nuc_scf7180000003435_21523-22534_1-1011_1	94010
N57	perk_nuc_scf7180000003334_14360-15471_115-1021_1	1826242
N57	paramoeba_nuc_scf7180000003402_66620-67222_1	788175
N57	perk_nuc_scf7180000003316_105075-106432_82-1354_1	78168
N57	paramoeba_nuc_scf7180000003517_25093-25627_1	6123
N57	perk_nuc_scf7180000003478_19048-20119_1-1071_1	1933
N57	perk_nuc_scf7180000003897_23035-23940_1-905_1	109168
N57	perk_nuc_scf7180000003532_6044-7296_4-1252_1	212687
N57	paramoeba_nuc_b2668679-a471-4ab8-bea4-f5898a7a47e4_2-467_1	48883
N57	perk_nuc_scf7180000003402_72046-72895_1	16276
N57	perk_nuc_scf7180000003709_72424-73568_3-1144_1	729421
N57	paramoeba_nuc_91d69197-72f2-4926-90b3-b5a468a5a855_27-765_1	150
N57	perk_nuc_scf7180000003560_925-2762_1-1837_901	1029154
N57	perk_nuc_scf7180000003326_75881-76823_1-942_1	84768
N57	perk_nuc_scf7180000003897_16527-17683_3-1156_1	1024531
N57	perk_nuc_scf7180000003913_1473-2529_1-1056_1	427971
N57	perk_nuc_scf7180000003454_34019-35215_1-1193_1	24358
N57	perk_nuc_scf7180000003515_97413-101057_1-3580_1501	143299
N57	perk_nuc_scf7180000003515_97393-101483_18-3600_901	422642
N57	paramoeba_nuc_1470934d-65f8-451a-be8f-f65c6f0f857d_1-523_1	17476
N57	paramoeba_mito_scf7180000003282_5381-6781_1	1388576
N57	paramoeba_nuc_scf7180000004653_9090-9584_1	2464536
N60	paramoeba_mito_scf7180000003282_17181-17683_1	271392
N60	perk_mito_lcl_KT261385.1_cds_ALR73785.1_1_2251	0
N60	paramoeba_nuc_scf7180000003537_4360-5238_1	31812
N60	paramoeba_mito_844d98a6-101b-424e-82ab-b4beb7985a5e_16-472_1	1032367
N60	perk_mito_lcl_KT261385.1_cds_ALR73787.1_3_1	105682
N60	paramoeba_mito_d9f872cc-4915-4218-bcca-14a2b2446441_79-629_1	1234666
N60	paramoeba_mito_scf7180000003282_72335-73819_451	137861
N60	paramoeba_mito_scf7180000003282_2577-3764_451	29265
N60	paramoeba_nuc_2474b264-82c9-41bc-83f7-da2b5b94a433_93-564_1	88202
N60	paramoeba_mito_scf7180000003282_37622-38599_451	102689
N60	perk_mito_lcl_KT261384.1_cds_ALR73784.1_2_1	0
N60	perk_nuc_scf7180000003402_73894-74460_1	682820
N60	perk_nuc_scf7180000003591_3416-4408_1-990_1	342837
N60	perk_nuc_scf7180000003623_28906-30006_1-1100_1	18749
N60	perk_nuc_scf7180000003752_5410-7175_739-1757_1	30282
N60	perk_nuc_scf7180000003610_11439-12994_245-1203_1	0
N60	paramoeba_nuc_9042c6bc-20c4-4666-9a3b-25d3d5e60837_173-683_1	4
N60	perk_nuc_scf7180000003402_73455-74100_1	6538345
N60	perk_nuc_scf7180000003352_71298-72206_1-908_1	2406194
N60	perk_nuc_scf7180000003591_3414-9913_1-2291_901	203285
N60	perk_nuc_scf7180000003334_39138-40969_372-1777_1	239192
N60	paramoeba_nuc_9c47213e-a9a3-4bd8-b423-45221f6c0675_1-2364_1801	416917
N60	perk_nuc_scf7180000003602_54737-56021_1-1284_1	580711
N60	perk_nuc_scf7180000003687_22701-24808_4-2107_901	279184
N60	paramoeba_nuc_9c47213e-a9a3-4bd8-b423-45221f6c0675_1-2364_1351	249080
N60	paramoeba_nuc_4f7562e3-280b-4809-b18d-cd20dff1ce4f_1-1988_1351	345
N60	perk_nuc_scf7180000003687_22703-23724_2-1021_1	453706
N60	perk_nuc_scf7180000003411_95621-97517_1-1896_1	200190
N60	paramoeba_nuc_9c47213e-a9a3-4bd8-b423-45221f6c0675_1-2364_1	93228
N60	paramoeba_nuc_4f7562e3-280b-4809-b18d-cd20dff1ce4f_1-1988_451	177653
N60	perk_nuc_scf7180000003687_28378-29539_1-1161_1	1043544
N60	perk_nuc_scf7180000003660_28831-29439_1	105227
N60	perk_nuc_scf7180000003435_20352-22534_1-2182_901	0
N60	perk_nuc_scf7180000003435_21523-22534_1-1011_1	46864
N60	perk_nuc_scf7180000003334_14360-15471_115-1021_1	1568312
N60	paramoeba_nuc_scf7180000003402_66620-67222_1	748330
N60	perk_nuc_scf7180000003316_105075-106432_82-1354_1	232867
N60	paramoeba_nuc_scf7180000003517_25093-25627_1	17923
N60	perk_nuc_scf7180000003478_19048-20119_1-1071_1	789
N60	perk_nuc_scf7180000003897_23035-23940_1-905_1	153361
N60	perk_nuc_scf7180000003532_6044-7296_4-1252_1	324478
N60	paramoeba_nuc_b2668679-a471-4ab8-bea4-f5898a7a47e4_2-467_1	14494
N60	perk_nuc_scf7180000003402_72046-72895_1	11081
N60	perk_nuc_scf7180000003709_72424-73568_3-1144_1	1017685
N60	paramoeba_nuc_91d69197-72f2-4926-90b3-b5a468a5a855_27-765_1	120
N60	perk_nuc_scf7180000003560_925-2762_1-1837_901	1780726
N60	perk_nuc_scf7180000003326_75881-76823_1-942_1	122688
N60	perk_nuc_scf7180000003897_16527-17683_3-1156_1	1494680
N60	perk_nuc_scf7180000003913_1473-2529_1-1056_1	565162
N60	perk_nuc_scf7180000003454_34019-35215_1-1193_1	11554
N60	perk_nuc_scf7180000003515_97413-101057_1-3580_1501	268404
N60	perk_nuc_scf7180000003515_97393-101483_18-3600_901	605129
N60	paramoeba_nuc_1470934d-65f8-451a-be8f-f65c6f0f857d_1-523_1	12386
N60	paramoeba_mito_scf7180000003282_5381-6781_1	1323471
N60	paramoeba_nuc_scf7180000004653_9090-9584_1	3137309
N61	paramoeba_mito_scf7180000003282_17181-17683_1	209300
N61	perk_mito_lcl_KT261385.1_cds_ALR73785.1_1_2251	0
N61	paramoeba_nuc_scf7180000003537_4360-5238_1	37563
N61	paramoeba_mito_844d98a6-101b-424e-82ab-b4beb7985a5e_16-472_1	102146
N61	perk_mito_lcl_KT261385.1_cds_ALR73787.1_3_1	24945
N61	paramoeba_mito_d9f872cc-4915-4218-bcca-14a2b2446441_79-629_1	266864
N61	paramoeba_mito_scf7180000003282_72335-73819_451	13865
N61	paramoeba_mito_scf7180000003282_2577-3764_451	17609
N61	paramoeba_nuc_2474b264-82c9-41bc-83f7-da2b5b94a433_93-564_1	56855
N61	paramoeba_mito_scf7180000003282_37622-38599_451	1181
N61	perk_mito_lcl_KT261384.1_cds_ALR73784.1_2_1	27749
N61	perk_nuc_scf7180000003402_73894-74460_1	21766
N61	perk_nuc_scf7180000003591_3416-4408_1-990_1	84621
N61	perk_nuc_scf7180000003623_28906-30006_1-1100_1	18255
N61	perk_nuc_scf7180000003752_5410-7175_739-1757_1	39154
N61	perk_nuc_scf7180000003610_11439-12994_245-1203_1	0
N61	paramoeba_nuc_9042c6bc-20c4-4666-9a3b-25d3d5e60837_173-683_1	15481
N61	perk_nuc_scf7180000003402_73455-74100_1	344666
N61	perk_nuc_scf7180000003352_71298-72206_1-908_1	406010
N61	perk_nuc_scf7180000003591_3414-9913_1-2291_901	85090
N61	perk_nuc_scf7180000003334_39138-40969_372-1777_1	19802
N61	paramoeba_nuc_9c47213e-a9a3-4bd8-b423-45221f6c0675_1-2364_1801	10178
N61	perk_nuc_scf7180000003602_54737-56021_1-1284_1	130054
N61	perk_nuc_scf7180000003687_22701-24808_4-2107_901	38235
N61	paramoeba_nuc_9c47213e-a9a3-4bd8-b423-45221f6c0675_1-2364_1351	1868
N61	paramoeba_nuc_4f7562e3-280b-4809-b18d-cd20dff1ce4f_1-1988_1351	19286
N61	perk_nuc_scf7180000003687_22703-23724_2-1021_1	89521
N61	perk_nuc_scf7180000003411_95621-97517_1-1896_1	9626
N61	paramoeba_nuc_9c47213e-a9a3-4bd8-b423-45221f6c0675_1-2364_1	27064
N61	paramoeba_nuc_4f7562e3-280b-4809-b18d-cd20dff1ce4f_1-1988_451	151242
N61	perk_nuc_scf7180000003687_28378-29539_1-1161_1	69865
N61	perk_nuc_scf7180000003660_28831-29439_1	138502
N61	perk_nuc_scf7180000003435_20352-22534_1-2182_901	0
N61	perk_nuc_scf7180000003435_21523-22534_1-1011_1	27654
N61	perk_nuc_scf7180000003334_14360-15471_115-1021_1	613530
N61	paramoeba_nuc_scf7180000003402_66620-67222_1	16408
N61	perk_nuc_scf7180000003316_105075-106432_82-1354_1	47108
N61	paramoeba_nuc_scf7180000003517_25093-25627_1	18125
N61	perk_nuc_scf7180000003478_19048-20119_1-1071_1	45955
N61	perk_nuc_scf7180000003897_23035-23940_1-905_1	39079
N61	perk_nuc_scf7180000003532_6044-7296_4-1252_1	53909
N61	paramoeba_nuc_b2668679-a471-4ab8-bea4-f5898a7a47e4_2-467_1	17827
N61	perk_nuc_scf7180000003402_72046-72895_1	17793
N61	perk_nuc_scf7180000003709_72424-73568_3-1144_1	77630
N61	paramoeba_nuc_91d69197-72f2-4926-90b3-b5a468a5a855_27-765_1	2606
N61	perk_nuc_scf7180000003560_925-2762_1-1837_901	208394
N61	perk_nuc_scf7180000003326_75881-76823_1-942_1	15895
N61	perk_nuc_scf7180000003897_16527-17683_3-1156_1	313598
N61	perk_nuc_scf7180000003913_1473-2529_1-1056_1	182424
N61	perk_nuc_scf7180000003454_34019-35215_1-1193_1	14565
N61	perk_nuc_scf7180000003515_97413-101057_1-3580_1501	11727
N61	perk_nuc_scf7180000003515_97393-101483_18-3600_901	8550
N61	paramoeba_nuc_1470934d-65f8-451a-be8f-f65c6f0f857d_1-523_1	24735
N61	paramoeba_mito_scf7180000003282_5381-6781_1	272734
N61	paramoeba_nuc_scf7180000004653_9090-9584_1	662646
S13	paramoeba_mito_scf7180000003282_17181-17683_1	691044
S13	perk_mito_lcl_KT261385.1_cds_ALR73785.1_1_2251	2719
S13	paramoeba_nuc_scf7180000003537_4360-5238_1	23006
S13	paramoeba_mito_844d98a6-101b-424e-82ab-b4beb7985a5e_16-472_1	1572474
S13	perk_mito_lcl_KT261385.1_cds_ALR73787.1_3_1	35685
S13	paramoeba_mito_d9f872cc-4915-4218-bcca-14a2b2446441_79-629_1	1473710
S13	paramoeba_mito_scf7180000003282_72335-73819_451	131906
S13	paramoeba_mito_scf7180000003282_2577-3764_451	9553
S13	paramoeba_nuc_2474b264-82c9-41bc-83f7-da2b5b94a433_93-564_1	38082
S13	paramoeba_mito_scf7180000003282_37622-38599_451	11467
S13	perk_mito_lcl_KT261384.1_cds_ALR73784.1_2_1	17948
S13	perk_nuc_scf7180000003402_73894-74460_1	282056
S13	perk_nuc_scf7180000003591_3416-4408_1-990_1	100260
S13	perk_nuc_scf7180000003623_28906-30006_1-1100_1	12529
S13	perk_nuc_scf7180000003752_5410-7175_739-1757_1	60354
S13	perk_nuc_scf7180000003610_11439-12994_245-1203_1	0
S13	paramoeba_nuc_9042c6bc-20c4-4666-9a3b-25d3d5e60837_173-683_1	4368
S13	perk_nuc_scf7180000003402_73455-74100_1	3827407
S13	perk_nuc_scf7180000003352_71298-72206_1-908_1	1331570
S13	perk_nuc_scf7180000003591_3414-9913_1-2291_901	5855
S13	perk_nuc_scf7180000003334_39138-40969_372-1777_1	57646
S13	paramoeba_nuc_9c47213e-a9a3-4bd8-b423-45221f6c0675_1-2364_1801	2616
S13	perk_nuc_scf7180000003602_54737-56021_1-1284_1	7061
S13	perk_nuc_scf7180000003687_22701-24808_4-2107_901	5689
S13	paramoeba_nuc_9c47213e-a9a3-4bd8-b423-45221f6c0675_1-2364_1351	564
S13	paramoeba_nuc_4f7562e3-280b-4809-b18d-cd20dff1ce4f_1-1988_1351	3094
S13	perk_nuc_scf7180000003687_22703-23724_2-1021_1	3604
S13	perk_nuc_scf7180000003411_95621-97517_1-1896_1	79449
S13	paramoeba_nuc_9c47213e-a9a3-4bd8-b423-45221f6c0675_1-2364_1	1870
S13	paramoeba_nuc_4f7562e3-280b-4809-b18d-cd20dff1ce4f_1-1988_451	211246
S13	perk_nuc_scf7180000003687_28378-29539_1-1161_1	575013
S13	perk_nuc_scf7180000003660_28831-29439_1	176781
S13	perk_nuc_scf7180000003435_20352-22534_1-2182_901	0
S13	perk_nuc_scf7180000003435_21523-22534_1-1011_1	22293
S13	perk_nuc_scf7180000003334_14360-15471_115-1021_1	1245643
S13	paramoeba_nuc_scf7180000003402_66620-67222_1	543212
S13	perk_nuc_scf7180000003316_105075-106432_82-1354_1	102317
S13	paramoeba_nuc_scf7180000003517_25093-25627_1	3853
S13	perk_nuc_scf7180000003478_19048-20119_1-1071_1	24070
S13	perk_nuc_scf7180000003897_23035-23940_1-905_1	5316
S13	perk_nuc_scf7180000003532_6044-7296_4-1252_1	144660
S13	paramoeba_nuc_b2668679-a471-4ab8-bea4-f5898a7a47e4_2-467_1	5698
S13	perk_nuc_scf7180000003402_72046-72895_1	8747
S13	perk_nuc_scf7180000003709_72424-73568_3-1144_1	13510
S13	paramoeba_nuc_91d69197-72f2-4926-90b3-b5a468a5a855_27-765_1	726
S13	perk_nuc_scf7180000003560_925-2762_1-1837_901	148215
S13	perk_nuc_scf7180000003326_75881-76823_1-942_1	3125
S13	perk_nuc_scf7180000003897_16527-17683_3-1156_1	287658
S13	perk_nuc_scf7180000003913_1473-2529_1-1056_1	111347
S13	perk_nuc_scf7180000003454_34019-35215_1-1193_1	1908
S13	perk_nuc_scf7180000003515_97413-101057_1-3580_1501	1851
S13	perk_nuc_scf7180000003515_97393-101483_18-3600_901	609075
S13	paramoeba_nuc_1470934d-65f8-451a-be8f-f65c6f0f857d_1-523_1	26190
S13	paramoeba_mito_scf7180000003282_5381-6781_1	1560285
S13	paramoeba_nuc_scf7180000004653_9090-9584_1	2615978
S14	paramoeba_mito_scf7180000003282_17181-17683_1	568148
S14	perk_mito_lcl_KT261385.1_cds_ALR73785.1_1_2251	0
S14	paramoeba_nuc_scf7180000003537_4360-5238_1	103322
S14	paramoeba_mito_844d98a6-101b-424e-82ab-b4beb7985a5e_16-472_1	582004
S14	perk_mito_lcl_KT261385.1_cds_ALR73787.1_3_1	23044
S14	paramoeba_mito_d9f872cc-4915-4218-bcca-14a2b2446441_79-629_1	1329324
S14	paramoeba_mito_scf7180000003282_72335-73819_451	135493
S14	paramoeba_mito_scf7180000003282_2577-3764_451	12895
S14	paramoeba_nuc_2474b264-82c9-41bc-83f7-da2b5b94a433_93-564_1	43090
S14	paramoeba_mito_scf7180000003282_37622-38599_451	40191
S14	perk_mito_lcl_KT261384.1_cds_ALR73784.1_2_1	30078
S14	perk_nuc_scf7180000003402_73894-74460_1	173373
S14	perk_nuc_scf7180000003591_3416-4408_1-990_1	205146
S14	perk_nuc_scf7180000003623_28906-30006_1-1100_1	18991
S14	perk_nuc_scf7180000003752_5410-7175_739-1757_1	75502
S14	perk_nuc_scf7180000003610_11439-12994_245-1203_1	0
S14	paramoeba_nuc_9042c6bc-20c4-4666-9a3b-25d3d5e60837_173-683_1	4475
S14	perk_nuc_scf7180000003402_73455-74100_1	3154266
S14	perk_nuc_scf7180000003352_71298-72206_1-908_1	761789
S14	perk_nuc_scf7180000003591_3414-9913_1-2291_901	33289
S14	perk_nuc_scf7180000003334_39138-40969_372-1777_1	6366
S14	paramoeba_nuc_9c47213e-a9a3-4bd8-b423-45221f6c0675_1-2364_1801	1824
S14	perk_nuc_scf7180000003602_54737-56021_1-1284_1	172528
S14	perk_nuc_scf7180000003687_22701-24808_4-2107_901	5558
S14	paramoeba_nuc_9c47213e-a9a3-4bd8-b423-45221f6c0675_1-2364_1351	855
S14	paramoeba_nuc_4f7562e3-280b-4809-b18d-cd20dff1ce4f_1-1988_1351	2544
S14	perk_nuc_scf7180000003687_22703-23724_2-1021_1	130654
S14	perk_nuc_scf7180000003411_95621-97517_1-1896_1	323834
S14	paramoeba_nuc_9c47213e-a9a3-4bd8-b423-45221f6c0675_1-2364_1	27319
S14	paramoeba_nuc_4f7562e3-280b-4809-b18d-cd20dff1ce4f_1-1988_451	399838
S14	perk_nuc_scf7180000003687_28378-29539_1-1161_1	568917
S14	perk_nuc_scf7180000003660_28831-29439_1	144905
S14	perk_nuc_scf7180000003435_20352-22534_1-2182_901	0
S14	perk_nuc_scf7180000003435_21523-22534_1-1011_1	34930
S14	perk_nuc_scf7180000003334_14360-15471_115-1021_1	2045466
S14	paramoeba_nuc_scf7180000003402_66620-67222_1	120336
S14	perk_nuc_scf7180000003316_105075-106432_82-1354_1	422
S14	paramoeba_nuc_scf7180000003517_25093-25627_1	9539
S14	perk_nuc_scf7180000003478_19048-20119_1-1071_1	34846
S14	perk_nuc_scf7180000003897_23035-23940_1-905_1	13459
S14	perk_nuc_scf7180000003532_6044-7296_4-1252_1	9356
S14	paramoeba_nuc_b2668679-a471-4ab8-bea4-f5898a7a47e4_2-467_1	36751
S14	perk_nuc_scf7180000003402_72046-72895_1	12705
S14	perk_nuc_scf7180000003709_72424-73568_3-1144_1	128047
S14	paramoeba_nuc_91d69197-72f2-4926-90b3-b5a468a5a855_27-765_1	4667
S14	perk_nuc_scf7180000003560_925-2762_1-1837_901	1964182
S14	perk_nuc_scf7180000003326_75881-76823_1-942_1	15537
S14	perk_nuc_scf7180000003897_16527-17683_3-1156_1	581900
S14	perk_nuc_scf7180000003913_1473-2529_1-1056_1	100307
S14	perk_nuc_scf7180000003454_34019-35215_1-1193_1	22589
S14	perk_nuc_scf7180000003515_97413-101057_1-3580_1501	5143
S14	perk_nuc_scf7180000003515_97393-101483_18-3600_901	4068
S14	paramoeba_nuc_1470934d-65f8-451a-be8f-f65c6f0f857d_1-523_1	26814
S14	paramoeba_mito_scf7180000003282_5381-6781_1	1404340
S14	paramoeba_nuc_scf7180000004653_9090-9584_1	2644556
S15	paramoeba_mito_scf7180000003282_17181-17683_1	415521
S15	perk_mito_lcl_KT261385.1_cds_ALR73785.1_1_2251	4654
S15	paramoeba_nuc_scf7180000003537_4360-5238_1	57655
S15	paramoeba_mito_844d98a6-101b-424e-82ab-b4beb7985a5e_16-472_1	1380131
S15	perk_mito_lcl_KT261385.1_cds_ALR73787.1_3_1	21068
S15	paramoeba_mito_d9f872cc-4915-4218-bcca-14a2b2446441_79-629_1	1181187
S15	paramoeba_mito_scf7180000003282_72335-73819_451	46266
S15	paramoeba_mito_scf7180000003282_2577-3764_451	2504
S15	paramoeba_nuc_2474b264-82c9-41bc-83f7-da2b5b94a433_93-564_1	88236
S15	paramoeba_mito_scf7180000003282_37622-38599_451	1135
S15	perk_mito_lcl_KT261384.1_cds_ALR73784.1_2_1	31493
S15	perk_nuc_scf7180000003402_73894-74460_1	187708
S15	perk_nuc_scf7180000003591_3416-4408_1-990_1	157330
S15	perk_nuc_scf7180000003623_28906-30006_1-1100_1	20547
S15	perk_nuc_scf7180000003752_5410-7175_739-1757_1	94739
S15	perk_nuc_scf7180000003610_11439-12994_245-1203_1	0
S15	paramoeba_nuc_9042c6bc-20c4-4666-9a3b-25d3d5e60837_173-683_1	2161
S15	perk_nuc_scf7180000003402_73455-74100_1	1952317
S15	perk_nuc_scf7180000003352_71298-72206_1-908_1	1008650
S15	perk_nuc_scf7180000003591_3414-9913_1-2291_901	128134
S15	perk_nuc_scf7180000003334_39138-40969_372-1777_1	6623
S15	paramoeba_nuc_9c47213e-a9a3-4bd8-b423-45221f6c0675_1-2364_1801	391641
S15	perk_nuc_scf7180000003602_54737-56021_1-1284_1	52014
S15	perk_nuc_scf7180000003687_22701-24808_4-2107_901	579995
S15	paramoeba_nuc_9c47213e-a9a3-4bd8-b423-45221f6c0675_1-2364_1351	8380
S15	paramoeba_nuc_4f7562e3-280b-4809-b18d-cd20dff1ce4f_1-1988_1351	5140
S15	perk_nuc_scf7180000003687_22703-23724_2-1021_1	10056
S15	perk_nuc_scf7180000003411_95621-97517_1-1896_1	75711
S15	paramoeba_nuc_9c47213e-a9a3-4bd8-b423-45221f6c0675_1-2364_1	107150
S15	paramoeba_nuc_4f7562e3-280b-4809-b18d-cd20dff1ce4f_1-1988_451	314511
S15	perk_nuc_scf7180000003687_28378-29539_1-1161_1	257322
S15	perk_nuc_scf7180000003660_28831-29439_1	322915
S15	perk_nuc_scf7180000003435_20352-22534_1-2182_901	0
S15	perk_nuc_scf7180000003435_21523-22534_1-1011_1	81599
S15	perk_nuc_scf7180000003334_14360-15471_115-1021_1	1048240
S15	paramoeba_nuc_scf7180000003402_66620-67222_1	407697
S15	perk_nuc_scf7180000003316_105075-106432_82-1354_1	110156
S15	paramoeba_nuc_scf7180000003517_25093-25627_1	3168
S15	perk_nuc_scf7180000003478_19048-20119_1-1071_1	44802
S15	perk_nuc_scf7180000003897_23035-23940_1-905_1	38534
S15	perk_nuc_scf7180000003532_6044-7296_4-1252_1	22448
S15	paramoeba_nuc_b2668679-a471-4ab8-bea4-f5898a7a47e4_2-467_1	16983
S15	perk_nuc_scf7180000003402_72046-72895_1	20371
S15	perk_nuc_scf7180000003709_72424-73568_3-1144_1	107143
S15	paramoeba_nuc_91d69197-72f2-4926-90b3-b5a468a5a855_27-765_1	1622
S15	perk_nuc_scf7180000003560_925-2762_1-1837_901	398068
S15	perk_nuc_scf7180000003326_75881-76823_1-942_1	55633
S15	perk_nuc_scf7180000003897_16527-17683_3-1156_1	786
S15	perk_nuc_scf7180000003913_1473-2529_1-1056_1	183205
S15	perk_nuc_scf7180000003454_34019-35215_1-1193_1	954
S15	perk_nuc_scf7180000003515_97413-101057_1-3580_1501	7745
S15	perk_nuc_scf7180000003515_97393-101483_18-3600_901	940734
S15	paramoeba_nuc_1470934d-65f8-451a-be8f-f65c6f0f857d_1-523_1	27700
S15	paramoeba_mito_scf7180000003282_5381-6781_1	1204143
S15	paramoeba_nuc_scf7180000004653_9090-9584_1	2536885
S16	paramoeba_mito_scf7180000003282_17181-17683_1	119583
S16	perk_mito_lcl_KT261385.1_cds_ALR73785.1_1_2251	5913
S16	paramoeba_nuc_scf7180000003537_4360-5238_1	37997
S16	paramoeba_mito_844d98a6-101b-424e-82ab-b4beb7985a5e_16-472_1	480538
S16	perk_mito_lcl_KT261385.1_cds_ALR73787.1_3_1	7077
S16	paramoeba_mito_d9f872cc-4915-4218-bcca-14a2b2446441_79-629_1	897921
S16	paramoeba_mito_scf7180000003282_72335-73819_451	57836
S16	paramoeba_mito_scf7180000003282_2577-3764_451	17636
S16	paramoeba_nuc_2474b264-82c9-41bc-83f7-da2b5b94a433_93-564_1	51654
S16	paramoeba_mito_scf7180000003282_37622-38599_451	1469
S16	perk_mito_lcl_KT261384.1_cds_ALR73784.1_2_1	27201
S16	perk_nuc_scf7180000003402_73894-74460_1	67765
S16	perk_nuc_scf7180000003591_3416-4408_1-990_1	79601
S16	perk_nuc_scf7180000003623_28906-30006_1-1100_1	20152
S16	perk_nuc_scf7180000003752_5410-7175_739-1757_1	43304
S16	perk_nuc_scf7180000003610_11439-12994_245-1203_1	0
S16	paramoeba_nuc_9042c6bc-20c4-4666-9a3b-25d3d5e60837_173-683_1	12378
S16	perk_nuc_scf7180000003402_73455-74100_1	735364
S16	perk_nuc_scf7180000003352_71298-72206_1-908_1	791650
S16	perk_nuc_scf7180000003591_3414-9913_1-2291_901	42561
S16	perk_nuc_scf7180000003334_39138-40969_372-1777_1	88046
S16	paramoeba_nuc_9c47213e-a9a3-4bd8-b423-45221f6c0675_1-2364_1801	7146
S16	perk_nuc_scf7180000003602_54737-56021_1-1284_1	350584
S16	perk_nuc_scf7180000003687_22701-24808_4-2107_901	60875
S16	paramoeba_nuc_9c47213e-a9a3-4bd8-b423-45221f6c0675_1-2364_1351	1116
S16	paramoeba_nuc_4f7562e3-280b-4809-b18d-cd20dff1ce4f_1-1988_1351	8742
S16	perk_nuc_scf7180000003687_22703-23724_2-1021_1	364576
S16	perk_nuc_scf7180000003411_95621-97517_1-1896_1	78340
S16	paramoeba_nuc_9c47213e-a9a3-4bd8-b423-45221f6c0675_1-2364_1	10060
S16	paramoeba_nuc_4f7562e3-280b-4809-b18d-cd20dff1ce4f_1-1988_451	80611
S16	perk_nuc_scf7180000003687_28378-29539_1-1161_1	145441
S16	perk_nuc_scf7180000003660_28831-29439_1	101369
S16	perk_nuc_scf7180000003435_20352-22534_1-2182_901	0
S16	perk_nuc_scf7180000003435_21523-22534_1-1011_1	26647
S16	perk_nuc_scf7180000003334_14360-15471_115-1021_1	543357
S16	paramoeba_nuc_scf7180000003402_66620-67222_1	420333
S16	perk_nuc_scf7180000003316_105075-106432_82-1354_1	22471
S16	paramoeba_nuc_scf7180000003517_25093-25627_1	18093
S16	perk_nuc_scf7180000003478_19048-20119_1-1071_1	38928
S16	perk_nuc_scf7180000003897_23035-23940_1-905_1	18516
S16	perk_nuc_scf7180000003532_6044-7296_4-1252_1	34581
S16	paramoeba_nuc_b2668679-a471-4ab8-bea4-f5898a7a47e4_2-467_1	16694
S16	perk_nuc_scf7180000003402_72046-72895_1	18284
S16	perk_nuc_scf7180000003709_72424-73568_3-1144_1	303770
S16	paramoeba_nuc_91d69197-72f2-4926-90b3-b5a468a5a855_27-765_1	980
S16	perk_nuc_scf7180000003560_925-2762_1-1837_901	219313
S16	perk_nuc_scf7180000003326_75881-76823_1-942_1	31390
S16	perk_nuc_scf7180000003897_16527-17683_3-1156_1	750
S16	perk_nuc_scf7180000003913_1473-2529_1-1056_1	215528
S16	perk_nuc_scf7180000003454_34019-35215_1-1193_1	14623
S16	perk_nuc_scf7180000003515_97413-101057_1-3580_1501	8410
S16	perk_nuc_scf7180000003515_97393-101483_18-3600_901	196090
S16	paramoeba_nuc_1470934d-65f8-451a-be8f-f65c6f0f857d_1-523_1	26165
S16	paramoeba_mito_scf7180000003282_5381-6781_1	931613
S16	paramoeba_nuc_scf7180000004653_9090-9584_1	1449638
S20	paramoeba_mito_scf7180000003282_17181-17683_1	216213
S20	perk_mito_lcl_KT261385.1_cds_ALR73785.1_1_2251	0
S20	paramoeba_nuc_scf7180000003537_4360-5238_1	29413
S20	paramoeba_mito_844d98a6-101b-424e-82ab-b4beb7985a5e_16-472_1	796708
S20	perk_mito_lcl_KT261385.1_cds_ALR73787.1_3_1	23593
S20	paramoeba_mito_d9f872cc-4915-4218-bcca-14a2b2446441_79-629_1	1138299
S20	paramoeba_mito_scf7180000003282_72335-73819_451	105706
S20	paramoeba_mito_scf7180000003282_2577-3764_451	12201
S20	paramoeba_nuc_2474b264-82c9-41bc-83f7-da2b5b94a433_93-564_1	8878
S20	paramoeba_mito_scf7180000003282_37622-38599_451	5738
S20	perk_mito_lcl_KT261384.1_cds_ALR73784.1_2_1	0
S20	perk_nuc_scf7180000003402_73894-74460_1	35642
S20	perk_nuc_scf7180000003591_3416-4408_1-990_1	72140
S20	perk_nuc_scf7180000003623_28906-30006_1-1100_1	21968
S20	perk_nuc_scf7180000003752_5410-7175_739-1757_1	59395
S20	perk_nuc_scf7180000003610_11439-12994_245-1203_1	0
S20	paramoeba_nuc_9042c6bc-20c4-4666-9a3b-25d3d5e60837_173-683_1	0
S20	perk_nuc_scf7180000003402_73455-74100_1	2114869
S20	perk_nuc_scf7180000003352_71298-72206_1-908_1	1571169
S20	perk_nuc_scf7180000003591_3414-9913_1-2291_901	170674
S20	perk_nuc_scf7180000003334_39138-40969_372-1777_1	16154
S20	paramoeba_nuc_9c47213e-a9a3-4bd8-b423-45221f6c0675_1-2364_1801	113509
S20	perk_nuc_scf7180000003602_54737-56021_1-1284_1	747
S20	perk_nuc_scf7180000003687_22701-24808_4-2107_901	12801
S20	paramoeba_nuc_9c47213e-a9a3-4bd8-b423-45221f6c0675_1-2364_1351	48998
S20	paramoeba_nuc_4f7562e3-280b-4809-b18d-cd20dff1ce4f_1-1988_1351	127
S20	perk_nuc_scf7180000003687_22703-23724_2-1021_1	811
S20	perk_nuc_scf7180000003411_95621-97517_1-1896_1	60642
S20	paramoeba_nuc_9c47213e-a9a3-4bd8-b423-45221f6c0675_1-2364_1	4537
S20	paramoeba_nuc_4f7562e3-280b-4809-b18d-cd20dff1ce4f_1-1988_451	144578
S20	perk_nuc_scf7180000003687_28378-29539_1-1161_1	129713
S20	perk_nuc_scf7180000003660_28831-29439_1	1360
S20	perk_nuc_scf7180000003435_20352-22534_1-2182_901	0
S20	perk_nuc_scf7180000003435_21523-22534_1-1011_1	20487
S20	perk_nuc_scf7180000003334_14360-15471_115-1021_1	535507
S20	paramoeba_nuc_scf7180000003402_66620-67222_1	118230
S20	perk_nuc_scf7180000003316_105075-106432_82-1354_1	276
S20	paramoeba_nuc_scf7180000003517_25093-25627_1	10842
S20	perk_nuc_scf7180000003478_19048-20119_1-1071_1	1177
S20	perk_nuc_scf7180000003897_23035-23940_1-905_1	74
S20	perk_nuc_scf7180000003532_6044-7296_4-1252_1	44594
S20	paramoeba_nuc_b2668679-a471-4ab8-bea4-f5898a7a47e4_2-467_1	17541
S20	perk_nuc_scf7180000003402_72046-72895_1	16357
S20	perk_nuc_scf7180000003709_72424-73568_3-1144_1	30042
S20	paramoeba_nuc_91d69197-72f2-4926-90b3-b5a468a5a855_27-765_1	636
S20	perk_nuc_scf7180000003560_925-2762_1-1837_901	544977
S20	perk_nuc_scf7180000003326_75881-76823_1-942_1	8510
S20	perk_nuc_scf7180000003897_16527-17683_3-1156_1	49820
S20	perk_nuc_scf7180000003913_1473-2529_1-1056_1	166782
S20	perk_nuc_scf7180000003454_34019-35215_1-1193_1	7591
S20	perk_nuc_scf7180000003515_97413-101057_1-3580_1501	108414
S20	perk_nuc_scf7180000003515_97393-101483_18-3600_901	5889
S20	paramoeba_nuc_1470934d-65f8-451a-be8f-f65c6f0f857d_1-523_1	17996
S20	paramoeba_mito_scf7180000003282_5381-6781_1	1194908
S20	paramoeba_nuc_scf7180000004653_9090-9584_1	1550545
S23	paramoeba_mito_scf7180000003282_17181-17683_1	159131
S23	perk_mito_lcl_KT261385.1_cds_ALR73785.1_1_2251	7099
S23	paramoeba_nuc_scf7180000003537_4360-5238_1	33013
S23	paramoeba_mito_844d98a6-101b-424e-82ab-b4beb7985a5e_16-472_1	651225
S23	perk_mito_lcl_KT261385.1_cds_ALR73787.1_3_1	13155
S23	paramoeba_mito_d9f872cc-4915-4218-bcca-14a2b2446441_79-629_1	1081244
S23	paramoeba_mito_scf7180000003282_72335-73819_451	175110
S23	paramoeba_mito_scf7180000003282_2577-3764_451	23814
S23	paramoeba_nuc_2474b264-82c9-41bc-83f7-da2b5b94a433_93-564_1	112144
S23	paramoeba_mito_scf7180000003282_37622-38599_451	25100
S23	perk_mito_lcl_KT261384.1_cds_ALR73784.1_2_1	31917
S23	perk_nuc_scf7180000003402_73894-74460_1	241543
S23	perk_nuc_scf7180000003591_3416-4408_1-990_1	35762
S23	perk_nuc_scf7180000003623_28906-30006_1-1100_1	31946
S23	perk_nuc_scf7180000003752_5410-7175_739-1757_1	51158
S23	perk_nuc_scf7180000003610_11439-12994_245-1203_1	0
S23	paramoeba_nuc_9042c6bc-20c4-4666-9a3b-25d3d5e60837_173-683_1	21467
S23	perk_nuc_scf7180000003402_73455-74100_1	1529329
S23	perk_nuc_scf7180000003352_71298-72206_1-908_1	794849
S23	perk_nuc_scf7180000003591_3414-9913_1-2291_901	67919
S23	perk_nuc_scf7180000003334_39138-40969_372-1777_1	56525
S23	paramoeba_nuc_9c47213e-a9a3-4bd8-b423-45221f6c0675_1-2364_1801	5236
S23	perk_nuc_scf7180000003602_54737-56021_1-1284_1	6111
S23	perk_nuc_scf7180000003687_22701-24808_4-2107_901	61430
S23	paramoeba_nuc_9c47213e-a9a3-4bd8-b423-45221f6c0675_1-2364_1351	4154
S23	paramoeba_nuc_4f7562e3-280b-4809-b18d-cd20dff1ce4f_1-1988_1351	2672
S23	perk_nuc_scf7180000003687_22703-23724_2-1021_1	51139
S23	perk_nuc_scf7180000003411_95621-97517_1-1896_1	103131
S23	paramoeba_nuc_9c47213e-a9a3-4bd8-b423-45221f6c0675_1-2364_1	10945
S23	paramoeba_nuc_4f7562e3-280b-4809-b18d-cd20dff1ce4f_1-1988_451	94584
S23	perk_nuc_scf7180000003687_28378-29539_1-1161_1	200368
S23	perk_nuc_scf7180000003660_28831-29439_1	124656
S23	perk_nuc_scf7180000003435_20352-22534_1-2182_901	0
S23	perk_nuc_scf7180000003435_21523-22534_1-1011_1	23336
S23	perk_nuc_scf7180000003334_14360-15471_115-1021_1	431430
S23	paramoeba_nuc_scf7180000003402_66620-67222_1	238249
S23	perk_nuc_scf7180000003316_105075-106432_82-1354_1	24942
S23	paramoeba_nuc_scf7180000003517_25093-25627_1	26333
S23	perk_nuc_scf7180000003478_19048-20119_1-1071_1	52040
S23	perk_nuc_scf7180000003897_23035-23940_1-905_1	26055
S23	perk_nuc_scf7180000003532_6044-7296_4-1252_1	50936
S23	paramoeba_nuc_b2668679-a471-4ab8-bea4-f5898a7a47e4_2-467_1	28209
S23	perk_nuc_scf7180000003402_72046-72895_1	22762
S23	perk_nuc_scf7180000003709_72424-73568_3-1144_1	187101
S23	paramoeba_nuc_91d69197-72f2-4926-90b3-b5a468a5a855_27-765_1	1770
S23	perk_nuc_scf7180000003560_925-2762_1-1837_901	289820
S23	perk_nuc_scf7180000003326_75881-76823_1-942_1	28774
S23	perk_nuc_scf7180000003897_16527-17683_3-1156_1	1211
S23	perk_nuc_scf7180000003913_1473-2529_1-1056_1	326088
S23	perk_nuc_scf7180000003454_34019-35215_1-1193_1	20410
S23	perk_nuc_scf7180000003515_97413-101057_1-3580_1501	10476
S23	perk_nuc_scf7180000003515_97393-101483_18-3600_901	8672
S23	paramoeba_nuc_1470934d-65f8-451a-be8f-f65c6f0f857d_1-523_1	31563
S23	paramoeba_mito_scf7180000003282_5381-6781_1	1144159
S23	paramoeba_nuc_scf7180000004653_9090-9584_1	2325778
S24	paramoeba_mito_scf7180000003282_17181-17683_1	79896
S24	perk_mito_lcl_KT261385.1_cds_ALR73785.1_1_2251	5406
S24	paramoeba_nuc_scf7180000003537_4360-5238_1	27029
S24	paramoeba_mito_844d98a6-101b-424e-82ab-b4beb7985a5e_16-472_1	18292
S24	perk_mito_lcl_KT261385.1_cds_ALR73787.1_3_1	63255
S24	paramoeba_mito_d9f872cc-4915-4218-bcca-14a2b2446441_79-629_1	398954
S24	paramoeba_mito_scf7180000003282_72335-73819_451	99248
S24	paramoeba_mito_scf7180000003282_2577-3764_451	30269
S24	paramoeba_nuc_2474b264-82c9-41bc-83f7-da2b5b94a433_93-564_1	68045
S24	paramoeba_mito_scf7180000003282_37622-38599_451	21238
S24	perk_mito_lcl_KT261384.1_cds_ALR73784.1_2_1	20425
S24	perk_nuc_scf7180000003402_73894-74460_1	27534
S24	perk_nuc_scf7180000003591_3416-4408_1-990_1	58675
S24	perk_nuc_scf7180000003623_28906-30006_1-1100_1	8271
S24	perk_nuc_scf7180000003752_5410-7175_739-1757_1	62124
S24	perk_nuc_scf7180000003610_11439-12994_245-1203_1	0
S24	paramoeba_nuc_9042c6bc-20c4-4666-9a3b-25d3d5e60837_173-683_1	21922
S24	perk_nuc_scf7180000003402_73455-74100_1	112807
S24	perk_nuc_scf7180000003352_71298-72206_1-908_1	1186213
S24	perk_nuc_scf7180000003591_3414-9913_1-2291_901	26117
S24	perk_nuc_scf7180000003334_39138-40969_372-1777_1	31341
S24	paramoeba_nuc_9c47213e-a9a3-4bd8-b423-45221f6c0675_1-2364_1801	79905
S24	perk_nuc_scf7180000003602_54737-56021_1-1284_1	73585
S24	perk_nuc_scf7180000003687_22701-24808_4-2107_901	42469
S24	paramoeba_nuc_9c47213e-a9a3-4bd8-b423-45221f6c0675_1-2364_1351	21950
S24	paramoeba_nuc_4f7562e3-280b-4809-b18d-cd20dff1ce4f_1-1988_1351	53176
S24	perk_nuc_scf7180000003687_22703-23724_2-1021_1	48054
S24	perk_nuc_scf7180000003411_95621-97517_1-1896_1	27733
S24	paramoeba_nuc_9c47213e-a9a3-4bd8-b423-45221f6c0675_1-2364_1	25006
S24	paramoeba_nuc_4f7562e3-280b-4809-b18d-cd20dff1ce4f_1-1988_451	46129
S24	perk_nuc_scf7180000003687_28378-29539_1-1161_1	73884
S24	perk_nuc_scf7180000003660_28831-29439_1	66623
S24	perk_nuc_scf7180000003435_20352-22534_1-2182_901	19
S24	perk_nuc_scf7180000003435_21523-22534_1-1011_1	26620
S24	perk_nuc_scf7180000003334_14360-15471_115-1021_1	170741
S24	paramoeba_nuc_scf7180000003402_66620-67222_1	123516
S24	perk_nuc_scf7180000003316_105075-106432_82-1354_1	48036
S24	paramoeba_nuc_scf7180000003517_25093-25627_1	25234
S24	perk_nuc_scf7180000003478_19048-20119_1-1071_1	53593
S24	perk_nuc_scf7180000003897_23035-23940_1-905_1	30118
S24	perk_nuc_scf7180000003532_6044-7296_4-1252_1	14605
S24	paramoeba_nuc_b2668679-a471-4ab8-bea4-f5898a7a47e4_2-467_1	5721
S24	perk_nuc_scf7180000003402_72046-72895_1	23920
S24	perk_nuc_scf7180000003709_72424-73568_3-1144_1	31044
S24	paramoeba_nuc_91d69197-72f2-4926-90b3-b5a468a5a855_27-765_1	23197
S24	perk_nuc_scf7180000003560_925-2762_1-1837_901	221334
S24	perk_nuc_scf7180000003326_75881-76823_1-942_1	19630
S24	perk_nuc_scf7180000003897_16527-17683_3-1156_1	462278
S24	perk_nuc_scf7180000003913_1473-2529_1-1056_1	128771
S24	perk_nuc_scf7180000003454_34019-35215_1-1193_1	4583
S24	perk_nuc_scf7180000003515_97413-101057_1-3580_1501	10497
S24	perk_nuc_scf7180000003515_97393-101483_18-3600_901	45317
S24	paramoeba_nuc_1470934d-65f8-451a-be8f-f65c6f0f857d_1-523_1	135353
S24	paramoeba_mito_scf7180000003282_5381-6781_1	58854
S24	paramoeba_nuc_scf7180000004653_9090-9584_1	781913
S25	paramoeba_mito_scf7180000003282_17181-17683_1	181987
S25	perk_mito_lcl_KT261385.1_cds_ALR73785.1_1_2251	0
S25	paramoeba_nuc_scf7180000003537_4360-5238_1	29328
S25	paramoeba_mito_844d98a6-101b-424e-82ab-b4beb7985a5e_16-472_1	728392
S25	perk_mito_lcl_KT261385.1_cds_ALR73787.1_3_1	8842
S25	paramoeba_mito_d9f872cc-4915-4218-bcca-14a2b2446441_79-629_1	885018
S25	paramoeba_mito_scf7180000003282_72335-73819_451	88694
S25	paramoeba_mito_scf7180000003282_2577-3764_451	5815
S25	paramoeba_nuc_2474b264-82c9-41bc-83f7-da2b5b94a433_93-564_1	65907
S25	paramoeba_mito_scf7180000003282_37622-38599_451	11461
S25	perk_mito_lcl_KT261384.1_cds_ALR73784.1_2_1	0
S25	perk_nuc_scf7180000003402_73894-74460_1	285004
S25	perk_nuc_scf7180000003591_3416-4408_1-990_1	42768
S25	perk_nuc_scf7180000003623_28906-30006_1-1100_1	13622
S25	perk_nuc_scf7180000003752_5410-7175_739-1757_1	36582
S25	perk_nuc_scf7180000003610_11439-12994_245-1203_1	0
S25	paramoeba_nuc_9042c6bc-20c4-4666-9a3b-25d3d5e60837_173-683_1	18
S25	perk_nuc_scf7180000003402_73455-74100_1	4064143
S25	perk_nuc_scf7180000003352_71298-72206_1-908_1	1187350
S25	perk_nuc_scf7180000003591_3414-9913_1-2291_901	78005
S25	perk_nuc_scf7180000003334_39138-40969_372-1777_1	13925
S25	paramoeba_nuc_9c47213e-a9a3-4bd8-b423-45221f6c0675_1-2364_1801	90082
S25	perk_nuc_scf7180000003602_54737-56021_1-1284_1	519175
S25	perk_nuc_scf7180000003687_22701-24808_4-2107_901	360290
S25	paramoeba_nuc_9c47213e-a9a3-4bd8-b423-45221f6c0675_1-2364_1351	60298
S25	paramoeba_nuc_4f7562e3-280b-4809-b18d-cd20dff1ce4f_1-1988_1351	261
S25	perk_nuc_scf7180000003687_22703-23724_2-1021_1	361140
S25	perk_nuc_scf7180000003411_95621-97517_1-1896_1	128815
S25	paramoeba_nuc_9c47213e-a9a3-4bd8-b423-45221f6c0675_1-2364_1	86716
S25	paramoeba_nuc_4f7562e3-280b-4809-b18d-cd20dff1ce4f_1-1988_451	99752
S25	perk_nuc_scf7180000003687_28378-29539_1-1161_1	764343
S25	perk_nuc_scf7180000003660_28831-29439_1	72509
S25	perk_nuc_scf7180000003435_20352-22534_1-2182_901	0
S25	perk_nuc_scf7180000003435_21523-22534_1-1011_1	32169
S25	perk_nuc_scf7180000003334_14360-15471_115-1021_1	684580
S25	paramoeba_nuc_scf7180000003402_66620-67222_1	534536
S25	perk_nuc_scf7180000003316_105075-106432_82-1354_1	60785
S25	paramoeba_nuc_scf7180000003517_25093-25627_1	6503
S25	perk_nuc_scf7180000003478_19048-20119_1-1071_1	2714
S25	perk_nuc_scf7180000003897_23035-23940_1-905_1	118221
S25	perk_nuc_scf7180000003532_6044-7296_4-1252_1	195750
S25	paramoeba_nuc_b2668679-a471-4ab8-bea4-f5898a7a47e4_2-467_1	7169
S25	perk_nuc_scf7180000003402_72046-72895_1	7002
S25	perk_nuc_scf7180000003709_72424-73568_3-1144_1	884450
S25	paramoeba_nuc_91d69197-72f2-4926-90b3-b5a468a5a855_27-765_1	2330
S25	perk_nuc_scf7180000003560_925-2762_1-1837_901	1114686
S25	perk_nuc_scf7180000003326_75881-76823_1-942_1	208476
S25	perk_nuc_scf7180000003897_16527-17683_3-1156_1	1222527
S25	perk_nuc_scf7180000003913_1473-2529_1-1056_1	1039088
S25	perk_nuc_scf7180000003454_34019-35215_1-1193_1	12298
S25	perk_nuc_scf7180000003515_97413-101057_1-3580_1501	177898
S25	perk_nuc_scf7180000003515_97393-101483_18-3600_901	754215
S25	paramoeba_nuc_1470934d-65f8-451a-be8f-f65c6f0f857d_1-523_1	9517
S25	paramoeba_mito_scf7180000003282_5381-6781_1	941663
S25	paramoeba_nuc_scf7180000004653_9090-9584_1	2091281
S26	paramoeba_mito_scf7180000003282_17181-17683_1	149352
S26	perk_mito_lcl_KT261385.1_cds_ALR73785.1_1_2251	6610
S26	paramoeba_nuc_scf7180000003537_4360-5238_1	26324
S26	paramoeba_mito_844d98a6-101b-424e-82ab-b4beb7985a5e_16-472_1	570227
S26	perk_mito_lcl_KT261385.1_cds_ALR73787.1_3_1	87270
S26	paramoeba_mito_d9f872cc-4915-4218-bcca-14a2b2446441_79-629_1	881692
S26	paramoeba_mito_scf7180000003282_72335-73819_451	102126
S26	paramoeba_mito_scf7180000003282_2577-3764_451	13591
S26	paramoeba_nuc_2474b264-82c9-41bc-83f7-da2b5b94a433_93-564_1	108634
S26	paramoeba_mito_scf7180000003282_37622-38599_451	4733
S26	perk_mito_lcl_KT261384.1_cds_ALR73784.1_2_1	16618
S26	perk_nuc_scf7180000003402_73894-74460_1	259950
S26	perk_nuc_scf7180000003591_3416-4408_1-990_1	74772
S26	perk_nuc_scf7180000003623_28906-30006_1-1100_1	21220
S26	perk_nuc_scf7180000003752_5410-7175_739-1757_1	35249
S26	perk_nuc_scf7180000003610_11439-12994_245-1203_1	0
S26	paramoeba_nuc_9042c6bc-20c4-4666-9a3b-25d3d5e60837_173-683_1	12125
S26	perk_nuc_scf7180000003402_73455-74100_1	2895399
S26	perk_nuc_scf7180000003352_71298-72206_1-908_1	724413
S26	perk_nuc_scf7180000003591_3414-9913_1-2291_901	42754
S26	perk_nuc_scf7180000003334_39138-40969_372-1777_1	75857
S26	paramoeba_nuc_9c47213e-a9a3-4bd8-b423-45221f6c0675_1-2364_1801	7728
S26	perk_nuc_scf7180000003602_54737-56021_1-1284_1	184012
S26	perk_nuc_scf7180000003687_22701-24808_4-2107_901	98166
S26	paramoeba_nuc_9c47213e-a9a3-4bd8-b423-45221f6c0675_1-2364_1351	1793
S26	paramoeba_nuc_4f7562e3-280b-4809-b18d-cd20dff1ce4f_1-1988_1351	1595
S26	perk_nuc_scf7180000003687_22703-23724_2-1021_1	420459
S26	perk_nuc_scf7180000003411_95621-97517_1-1896_1	31510
S26	paramoeba_nuc_9c47213e-a9a3-4bd8-b423-45221f6c0675_1-2364_1	42836
S26	paramoeba_nuc_4f7562e3-280b-4809-b18d-cd20dff1ce4f_1-1988_451	88377
S26	perk_nuc_scf7180000003687_28378-29539_1-1161_1	222413
S26	perk_nuc_scf7180000003660_28831-29439_1	104049
S26	perk_nuc_scf7180000003435_20352-22534_1-2182_901	0
S26	perk_nuc_scf7180000003435_21523-22534_1-1011_1	29227
S26	perk_nuc_scf7180000003334_14360-15471_115-1021_1	831448
S26	paramoeba_nuc_scf7180000003402_66620-67222_1	385400
S26	perk_nuc_scf7180000003316_105075-106432_82-1354_1	28801
S26	paramoeba_nuc_scf7180000003517_25093-25627_1	15101
S26	perk_nuc_scf7180000003478_19048-20119_1-1071_1	29538
S26	perk_nuc_scf7180000003897_23035-23940_1-905_1	37997
S26	perk_nuc_scf7180000003532_6044-7296_4-1252_1	96519
S26	paramoeba_nuc_b2668679-a471-4ab8-bea4-f5898a7a47e4_2-467_1	16994
S26	perk_nuc_scf7180000003402_72046-72895_1	13895
S26	perk_nuc_scf7180000003709_72424-73568_3-1144_1	352538
S26	paramoeba_nuc_91d69197-72f2-4926-90b3-b5a468a5a855_27-765_1	1170
S26	perk_nuc_scf7180000003560_925-2762_1-1837_901	264324
S26	perk_nuc_scf7180000003326_75881-76823_1-942_1	22613
S26	perk_nuc_scf7180000003897_16527-17683_3-1156_1	290363
S26	perk_nuc_scf7180000003913_1473-2529_1-1056_1	228585
S26	perk_nuc_scf7180000003454_34019-35215_1-1193_1	11256
S26	perk_nuc_scf7180000003515_97413-101057_1-3580_1501	119772
S26	perk_nuc_scf7180000003515_97393-101483_18-3600_901	12081
S26	paramoeba_nuc_1470934d-65f8-451a-be8f-f65c6f0f857d_1-523_1	25293
S26	paramoeba_mito_scf7180000003282_5381-6781_1	933809
S26	paramoeba_nuc_scf7180000004653_9090-9584_1	1961261
S28	paramoeba_mito_scf7180000003282_17181-17683_1	82818
S28	perk_mito_lcl_KT261385.1_cds_ALR73785.1_1_2251	0
S28	paramoeba_nuc_scf7180000003537_4360-5238_1	30074
S28	paramoeba_mito_844d98a6-101b-424e-82ab-b4beb7985a5e_16-472_1	339852
S28	perk_mito_lcl_KT261385.1_cds_ALR73787.1_3_1	15371
S28	paramoeba_mito_d9f872cc-4915-4218-bcca-14a2b2446441_79-629_1	547864
S28	paramoeba_mito_scf7180000003282_72335-73819_451	57451
S28	paramoeba_mito_scf7180000003282_2577-3764_451	10030
S28	paramoeba_nuc_2474b264-82c9-41bc-83f7-da2b5b94a433_93-564_1	78258
S28	paramoeba_mito_scf7180000003282_37622-38599_451	66237
S28	perk_mito_lcl_KT261384.1_cds_ALR73784.1_2_1	10947
S28	perk_nuc_scf7180000003402_73894-74460_1	521098
S28	perk_nuc_scf7180000003591_3416-4408_1-990_1	185610
S28	perk_nuc_scf7180000003623_28906-30006_1-1100_1	33973
S28	perk_nuc_scf7180000003752_5410-7175_739-1757_1	31712
S28	perk_nuc_scf7180000003610_11439-12994_245-1203_1	0
S28	paramoeba_nuc_9042c6bc-20c4-4666-9a3b-25d3d5e60837_173-683_1	5965
S28	perk_nuc_scf7180000003402_73455-74100_1	2818728
S28	perk_nuc_scf7180000003352_71298-72206_1-908_1	1248331
S28	perk_nuc_scf7180000003591_3414-9913_1-2291_901	90921
S28	perk_nuc_scf7180000003334_39138-40969_372-1777_1	177090
S28	paramoeba_nuc_9c47213e-a9a3-4bd8-b423-45221f6c0675_1-2364_1801	61368
S28	perk_nuc_scf7180000003602_54737-56021_1-1284_1	421593
S28	perk_nuc_scf7180000003687_22701-24808_4-2107_901	266418
S28	paramoeba_nuc_9c47213e-a9a3-4bd8-b423-45221f6c0675_1-2364_1351	1774
S28	paramoeba_nuc_4f7562e3-280b-4809-b18d-cd20dff1ce4f_1-1988_1351	1475
S28	perk_nuc_scf7180000003687_22703-23724_2-1021_1	405878
S28	perk_nuc_scf7180000003411_95621-97517_1-1896_1	202759
S28	paramoeba_nuc_9c47213e-a9a3-4bd8-b423-45221f6c0675_1-2364_1	77407
S28	paramoeba_nuc_4f7562e3-280b-4809-b18d-cd20dff1ce4f_1-1988_451	45264
S28	perk_nuc_scf7180000003687_28378-29539_1-1161_1	461421
S28	perk_nuc_scf7180000003660_28831-29439_1	77678
S28	perk_nuc_scf7180000003435_20352-22534_1-2182_901	0
S28	perk_nuc_scf7180000003435_21523-22534_1-1011_1	55703
S28	perk_nuc_scf7180000003334_14360-15471_115-1021_1	314304
S28	paramoeba_nuc_scf7180000003402_66620-67222_1	535374
S28	perk_nuc_scf7180000003316_105075-106432_82-1354_1	154112
S28	paramoeba_nuc_scf7180000003517_25093-25627_1	16600
S28	perk_nuc_scf7180000003478_19048-20119_1-1071_1	25674
S28	perk_nuc_scf7180000003897_23035-23940_1-905_1	112660
S28	perk_nuc_scf7180000003532_6044-7296_4-1252_1	273234
S28	paramoeba_nuc_b2668679-a471-4ab8-bea4-f5898a7a47e4_2-467_1	10411
S28	perk_nuc_scf7180000003402_72046-72895_1	6079
S28	perk_nuc_scf7180000003709_72424-73568_3-1144_1	637382
S28	paramoeba_nuc_91d69197-72f2-4926-90b3-b5a468a5a855_27-765_1	4145
S28	perk_nuc_scf7180000003560_925-2762_1-1837_901	915541
S28	perk_nuc_scf7180000003326_75881-76823_1-942_1	128655
S28	perk_nuc_scf7180000003897_16527-17683_3-1156_1	1104205
S28	perk_nuc_scf7180000003913_1473-2529_1-1056_1	868498
S28	perk_nuc_scf7180000003454_34019-35215_1-1193_1	53317
S28	perk_nuc_scf7180000003515_97413-101057_1-3580_1501	117868
S28	perk_nuc_scf7180000003515_97393-101483_18-3600_901	539626
S28	paramoeba_nuc_1470934d-65f8-451a-be8f-f65c6f0f857d_1-523_1	11086
S28	paramoeba_mito_scf7180000003282_5381-6781_1	603098
S28	paramoeba_nuc_scf7180000004653_9090-9584_1	1328662
S29	paramoeba_mito_scf7180000003282_17181-17683_1	40241
S29	perk_mito_lcl_KT261385.1_cds_ALR73785.1_1_2251	6176
S29	paramoeba_nuc_scf7180000003537_4360-5238_1	19554
S29	paramoeba_mito_844d98a6-101b-424e-82ab-b4beb7985a5e_16-472_1	118238
S29	perk_mito_lcl_KT261385.1_cds_ALR73787.1_3_1	40674
S29	paramoeba_mito_d9f872cc-4915-4218-bcca-14a2b2446441_79-629_1	261285
S29	paramoeba_mito_scf7180000003282_72335-73819_451	54454
S29	paramoeba_mito_scf7180000003282_2577-3764_451	17196
S29	paramoeba_nuc_2474b264-82c9-41bc-83f7-da2b5b94a433_93-564_1	30747
S29	paramoeba_mito_scf7180000003282_37622-38599_451	14395
S29	perk_mito_lcl_KT261384.1_cds_ALR73784.1_2_1	11586
S29	perk_nuc_scf7180000003402_73894-74460_1	96641
S29	perk_nuc_scf7180000003591_3416-4408_1-990_1	48933
S29	perk_nuc_scf7180000003623_28906-30006_1-1100_1	6590
S29	perk_nuc_scf7180000003752_5410-7175_739-1757_1	40239
S29	perk_nuc_scf7180000003610_11439-12994_245-1203_1	0
S29	paramoeba_nuc_9042c6bc-20c4-4666-9a3b-25d3d5e60837_173-683_1	7921
S29	perk_nuc_scf7180000003402_73455-74100_1	973835
S29	perk_nuc_scf7180000003352_71298-72206_1-908_1	251344
S29	perk_nuc_scf7180000003591_3414-9913_1-2291_901	25241
S29	perk_nuc_scf7180000003334_39138-40969_372-1777_1	33943
S29	paramoeba_nuc_9c47213e-a9a3-4bd8-b423-45221f6c0675_1-2364_1801	13874
S29	perk_nuc_scf7180000003602_54737-56021_1-1284_1	53107
S29	perk_nuc_scf7180000003687_22701-24808_4-2107_901	22050
S29	paramoeba_nuc_9c47213e-a9a3-4bd8-b423-45221f6c0675_1-2364_1351	19464
S29	paramoeba_nuc_4f7562e3-280b-4809-b18d-cd20dff1ce4f_1-1988_1351	27448
S29	perk_nuc_scf7180000003687_22703-23724_2-1021_1	67921
S29	perk_nuc_scf7180000003411_95621-97517_1-1896_1	21619
S29	paramoeba_nuc_9c47213e-a9a3-4bd8-b423-45221f6c0675_1-2364_1	20434
S29	paramoeba_nuc_4f7562e3-280b-4809-b18d-cd20dff1ce4f_1-1988_451	24170
S29	perk_nuc_scf7180000003687_28378-29539_1-1161_1	65277
S29	perk_nuc_scf7180000003660_28831-29439_1	54079
S29	perk_nuc_scf7180000003435_20352-22534_1-2182_901	27
S29	perk_nuc_scf7180000003435_21523-22534_1-1011_1	16081
S29	perk_nuc_scf7180000003334_14360-15471_115-1021_1	321469
S29	paramoeba_nuc_scf7180000003402_66620-67222_1	69261
S29	perk_nuc_scf7180000003316_105075-106432_82-1354_1	39740
S29	paramoeba_nuc_scf7180000003517_25093-25627_1	12938
S29	perk_nuc_scf7180000003478_19048-20119_1-1071_1	29874
S29	perk_nuc_scf7180000003897_23035-23940_1-905_1	18831
S29	perk_nuc_scf7180000003532_6044-7296_4-1252_1	23042
S29	paramoeba_nuc_b2668679-a471-4ab8-bea4-f5898a7a47e4_2-467_1	2677
S29	perk_nuc_scf7180000003402_72046-72895_1	14440
S29	perk_nuc_scf7180000003709_72424-73568_3-1144_1	62552
S29	paramoeba_nuc_91d69197-72f2-4926-90b3-b5a468a5a855_27-765_1	12741
S29	perk_nuc_scf7180000003560_925-2762_1-1837_901	122685
S29	perk_nuc_scf7180000003326_75881-76823_1-942_1	14027
S29	perk_nuc_scf7180000003897_16527-17683_3-1156_1	214457
S29	perk_nuc_scf7180000003913_1473-2529_1-1056_1	53500
S29	perk_nuc_scf7180000003454_34019-35215_1-1193_1	3230
S29	perk_nuc_scf7180000003515_97413-101057_1-3580_1501	8967
S29	perk_nuc_scf7180000003515_97393-101483_18-3600_901	33435
S29	paramoeba_nuc_1470934d-65f8-451a-be8f-f65c6f0f857d_1-523_1	104389
S29	paramoeba_mito_scf7180000003282_5381-6781_1	170867
S29	paramoeba_nuc_scf7180000004653_9090-9584_1	549085
S2	paramoeba_mito_scf7180000003282_17181-17683_1	116845
S2	perk_mito_lcl_KT261385.1_cds_ALR73785.1_1_2251	0
S2	paramoeba_nuc_scf7180000003537_4360-5238_1	31914
S2	paramoeba_mito_844d98a6-101b-424e-82ab-b4beb7985a5e_16-472_1	112002
S2	perk_mito_lcl_KT261385.1_cds_ALR73787.1_3_1	40097
S2	paramoeba_mito_d9f872cc-4915-4218-bcca-14a2b2446441_79-629_1	328597
S2	paramoeba_mito_scf7180000003282_72335-73819_451	54685
S2	paramoeba_mito_scf7180000003282_2577-3764_451	17910
S2	paramoeba_nuc_2474b264-82c9-41bc-83f7-da2b5b94a433_93-564_1	52535
S2	paramoeba_mito_scf7180000003282_37622-38599_451	1743
S2	perk_mito_lcl_KT261384.1_cds_ALR73784.1_2_1	31055
S2	perk_nuc_scf7180000003402_73894-74460_1	51656
S2	perk_nuc_scf7180000003591_3416-4408_1-990_1	86242
S2	perk_nuc_scf7180000003623_28906-30006_1-1100_1	28292
S2	perk_nuc_scf7180000003752_5410-7175_739-1757_1	58010
S2	perk_nuc_scf7180000003610_11439-12994_245-1203_1	0
S2	paramoeba_nuc_9042c6bc-20c4-4666-9a3b-25d3d5e60837_173-683_1	22442
S2	perk_nuc_scf7180000003402_73455-74100_1	516540
S2	perk_nuc_scf7180000003352_71298-72206_1-908_1	509115
S2	perk_nuc_scf7180000003591_3414-9913_1-2291_901	41695
S2	perk_nuc_scf7180000003334_39138-40969_372-1777_1	27752
S2	paramoeba_nuc_9c47213e-a9a3-4bd8-b423-45221f6c0675_1-2364_1801	7854
S2	perk_nuc_scf7180000003602_54737-56021_1-1284_1	63559
S2	perk_nuc_scf7180000003687_22701-24808_4-2107_901	69529
S2	paramoeba_nuc_9c47213e-a9a3-4bd8-b423-45221f6c0675_1-2364_1351	2829
S2	paramoeba_nuc_4f7562e3-280b-4809-b18d-cd20dff1ce4f_1-1988_1351	5758
S2	perk_nuc_scf7180000003687_22703-23724_2-1021_1	45746
S2	perk_nuc_scf7180000003411_95621-97517_1-1896_1	441
S2	paramoeba_nuc_9c47213e-a9a3-4bd8-b423-45221f6c0675_1-2364_1	36714
S2	paramoeba_nuc_4f7562e3-280b-4809-b18d-cd20dff1ce4f_1-1988_451	94732
S2	perk_nuc_scf7180000003687_28378-29539_1-1161_1	175125
S2	perk_nuc_scf7180000003660_28831-29439_1	125389
S2	perk_nuc_scf7180000003435_20352-22534_1-2182_901	0
S2	perk_nuc_scf7180000003435_21523-22534_1-1011_1	37160
S2	perk_nuc_scf7180000003334_14360-15471_115-1021_1	689233
S2	paramoeba_nuc_scf7180000003402_66620-67222_1	40683
S2	perk_nuc_scf7180000003316_105075-106432_82-1354_1	36322
S2	paramoeba_nuc_scf7180000003517_25093-25627_1	22127
S2	perk_nuc_scf7180000003478_19048-20119_1-1071_1	42887
S2	perk_nuc_scf7180000003897_23035-23940_1-905_1	36305
S2	perk_nuc_scf7180000003532_6044-7296_4-1252_1	34025
S2	paramoeba_nuc_b2668679-a471-4ab8-bea4-f5898a7a47e4_2-467_1	34074
S2	perk_nuc_scf7180000003402_72046-72895_1	18827
S2	perk_nuc_scf7180000003709_72424-73568_3-1144_1	212241
S2	paramoeba_nuc_91d69197-72f2-4926-90b3-b5a468a5a855_27-765_1	1735
S2	perk_nuc_scf7180000003560_925-2762_1-1837_901	235602
S2	perk_nuc_scf7180000003326_75881-76823_1-942_1	49263
S2	perk_nuc_scf7180000003897_16527-17683_3-1156_1	19705
S2	perk_nuc_scf7180000003913_1473-2529_1-1056_1	371711
S2	perk_nuc_scf7180000003454_34019-35215_1-1193_1	18403
S2	perk_nuc_scf7180000003515_97413-101057_1-3580_1501	19235
S2	perk_nuc_scf7180000003515_97393-101483_18-3600_901	9726
S2	paramoeba_nuc_1470934d-65f8-451a-be8f-f65c6f0f857d_1-523_1	16882
S2	paramoeba_mito_scf7180000003282_5381-6781_1	336245
S2	paramoeba_nuc_scf7180000004653_9090-9584_1	399163
S30	paramoeba_mito_scf7180000003282_17181-17683_1	210316
S30	perk_mito_lcl_KT261385.1_cds_ALR73785.1_1_2251	0
S30	paramoeba_nuc_scf7180000003537_4360-5238_1	39499
S30	paramoeba_mito_844d98a6-101b-424e-82ab-b4beb7985a5e_16-472_1	122735
S30	perk_mito_lcl_KT261385.1_cds_ALR73787.1_3_1	57318
S30	paramoeba_mito_d9f872cc-4915-4218-bcca-14a2b2446441_79-629_1	421960
S30	paramoeba_mito_scf7180000003282_72335-73819_451	59228
S30	paramoeba_mito_scf7180000003282_2577-3764_451	8733
S30	paramoeba_nuc_2474b264-82c9-41bc-83f7-da2b5b94a433_93-564_1	14949
S30	paramoeba_mito_scf7180000003282_37622-38599_451	3621
S30	perk_mito_lcl_KT261384.1_cds_ALR73784.1_2_1	4
S30	perk_nuc_scf7180000003402_73894-74460_1	78467
S30	perk_nuc_scf7180000003591_3416-4408_1-990_1	154640
S30	perk_nuc_scf7180000003623_28906-30006_1-1100_1	10215
S30	perk_nuc_scf7180000003752_5410-7175_739-1757_1	58320
S30	perk_nuc_scf7180000003610_11439-12994_245-1203_1	0
S30	paramoeba_nuc_9042c6bc-20c4-4666-9a3b-25d3d5e60837_173-683_1	0
S30	perk_nuc_scf7180000003402_73455-74100_1	1733444
S30	perk_nuc_scf7180000003352_71298-72206_1-908_1	952966
S30	perk_nuc_scf7180000003591_3414-9913_1-2291_901	6171
S30	perk_nuc_scf7180000003334_39138-40969_372-1777_1	36147
S30	paramoeba_nuc_9c47213e-a9a3-4bd8-b423-45221f6c0675_1-2364_1801	5118
S30	perk_nuc_scf7180000003602_54737-56021_1-1284_1	119289
S30	perk_nuc_scf7180000003687_22701-24808_4-2107_901	42766
S30	paramoeba_nuc_9c47213e-a9a3-4bd8-b423-45221f6c0675_1-2364_1351	175557
S30	paramoeba_nuc_4f7562e3-280b-4809-b18d-cd20dff1ce4f_1-1988_1351	35
S30	perk_nuc_scf7180000003687_22703-23724_2-1021_1	76708
S30	perk_nuc_scf7180000003411_95621-97517_1-1896_1	45735
S30	paramoeba_nuc_9c47213e-a9a3-4bd8-b423-45221f6c0675_1-2364_1	1357
S30	paramoeba_nuc_4f7562e3-280b-4809-b18d-cd20dff1ce4f_1-1988_451	225507
S30	perk_nuc_scf7180000003687_28378-29539_1-1161_1	194300
S30	perk_nuc_scf7180000003660_28831-29439_1	12325
S30	perk_nuc_scf7180000003435_20352-22534_1-2182_901	0
S30	perk_nuc_scf7180000003435_21523-22534_1-1011_1	49765
S30	perk_nuc_scf7180000003334_14360-15471_115-1021_1	1341515
S30	paramoeba_nuc_scf7180000003402_66620-67222_1	151864
S30	perk_nuc_scf7180000003316_105075-106432_82-1354_1	3532
S30	paramoeba_nuc_scf7180000003517_25093-25627_1	2837
S30	perk_nuc_scf7180000003478_19048-20119_1-1071_1	292
S30	perk_nuc_scf7180000003897_23035-23940_1-905_1	1284
S30	perk_nuc_scf7180000003532_6044-7296_4-1252_1	25313
S30	paramoeba_nuc_b2668679-a471-4ab8-bea4-f5898a7a47e4_2-467_1	21407
S30	perk_nuc_scf7180000003402_72046-72895_1	11375
S30	perk_nuc_scf7180000003709_72424-73568_3-1144_1	280052
S30	paramoeba_nuc_91d69197-72f2-4926-90b3-b5a468a5a855_27-765_1	99
S30	perk_nuc_scf7180000003560_925-2762_1-1837_901	353091
S30	perk_nuc_scf7180000003326_75881-76823_1-942_1	16396
S30	perk_nuc_scf7180000003897_16527-17683_3-1156_1	196935
S30	perk_nuc_scf7180000003913_1473-2529_1-1056_1	254453
S30	perk_nuc_scf7180000003454_34019-35215_1-1193_1	2080
S30	perk_nuc_scf7180000003515_97413-101057_1-3580_1501	27156
S30	perk_nuc_scf7180000003515_97393-101483_18-3600_901	96557
S30	paramoeba_nuc_1470934d-65f8-451a-be8f-f65c6f0f857d_1-523_1	23890
S30	paramoeba_mito_scf7180000003282_5381-6781_1	444679
S30	paramoeba_nuc_scf7180000004653_9090-9584_1	441156
S34	paramoeba_mito_scf7180000003282_17181-17683_1	201450
S34	perk_mito_lcl_KT261385.1_cds_ALR73785.1_1_2251	0
S34	paramoeba_nuc_scf7180000003537_4360-5238_1	32251
S34	paramoeba_mito_844d98a6-101b-424e-82ab-b4beb7985a5e_16-472_1	48909
S34	perk_mito_lcl_KT261385.1_cds_ALR73787.1_3_1	68577
S34	paramoeba_mito_d9f872cc-4915-4218-bcca-14a2b2446441_79-629_1	276027
S34	paramoeba_mito_scf7180000003282_72335-73819_451	51947
S34	paramoeba_mito_scf7180000003282_2577-3764_451	9742
S34	paramoeba_nuc_2474b264-82c9-41bc-83f7-da2b5b94a433_93-564_1	168097
S34	paramoeba_mito_scf7180000003282_37622-38599_451	2601
S34	perk_mito_lcl_KT261384.1_cds_ALR73784.1_2_1	29469
S34	perk_nuc_scf7180000003402_73894-74460_1	38230
S34	perk_nuc_scf7180000003591_3416-4408_1-990_1	81041
S34	perk_nuc_scf7180000003623_28906-30006_1-1100_1	17844
S34	perk_nuc_scf7180000003752_5410-7175_739-1757_1	87232
S34	perk_nuc_scf7180000003610_11439-12994_245-1203_1	0
S34	paramoeba_nuc_9042c6bc-20c4-4666-9a3b-25d3d5e60837_173-683_1	7829
S34	perk_nuc_scf7180000003402_73455-74100_1	1175519
S34	perk_nuc_scf7180000003352_71298-72206_1-908_1	754495
S34	perk_nuc_scf7180000003591_3414-9913_1-2291_901	32485
S34	perk_nuc_scf7180000003334_39138-40969_372-1777_1	51218
S34	paramoeba_nuc_9c47213e-a9a3-4bd8-b423-45221f6c0675_1-2364_1801	30727
S34	perk_nuc_scf7180000003602_54737-56021_1-1284_1	93468
S34	perk_nuc_scf7180000003687_22701-24808_4-2107_901	36546
S34	paramoeba_nuc_9c47213e-a9a3-4bd8-b423-45221f6c0675_1-2364_1351	5365
S34	paramoeba_nuc_4f7562e3-280b-4809-b18d-cd20dff1ce4f_1-1988_1351	4023
S34	perk_nuc_scf7180000003687_22703-23724_2-1021_1	112991
S34	perk_nuc_scf7180000003411_95621-97517_1-1896_1	8452
S34	paramoeba_nuc_9c47213e-a9a3-4bd8-b423-45221f6c0675_1-2364_1	56746
S34	paramoeba_nuc_4f7562e3-280b-4809-b18d-cd20dff1ce4f_1-1988_451	198186
S34	perk_nuc_scf7180000003687_28378-29539_1-1161_1	260153
S34	perk_nuc_scf7180000003660_28831-29439_1	167424
S34	perk_nuc_scf7180000003435_20352-22534_1-2182_901	0
S34	perk_nuc_scf7180000003435_21523-22534_1-1011_1	46640
S34	perk_nuc_scf7180000003334_14360-15471_115-1021_1	1389433
S34	paramoeba_nuc_scf7180000003402_66620-67222_1	162554
S34	perk_nuc_scf7180000003316_105075-106432_82-1354_1	52518
S34	paramoeba_nuc_scf7180000003517_25093-25627_1	5960
S34	perk_nuc_scf7180000003478_19048-20119_1-1071_1	59158
S34	perk_nuc_scf7180000003897_23035-23940_1-905_1	13483
S34	perk_nuc_scf7180000003532_6044-7296_4-1252_1	28955
S34	paramoeba_nuc_b2668679-a471-4ab8-bea4-f5898a7a47e4_2-467_1	17048
S34	perk_nuc_scf7180000003402_72046-72895_1	12000
S34	perk_nuc_scf7180000003709_72424-73568_3-1144_1	174925
S34	paramoeba_nuc_91d69197-72f2-4926-90b3-b5a468a5a855_27-765_1	1062
S34	perk_nuc_scf7180000003560_925-2762_1-1837_901	17662
S34	perk_nuc_scf7180000003326_75881-76823_1-942_1	15242
S34	perk_nuc_scf7180000003897_16527-17683_3-1156_1	170026
S34	perk_nuc_scf7180000003913_1473-2529_1-1056_1	121690
S34	perk_nuc_scf7180000003454_34019-35215_1-1193_1	3676
S34	perk_nuc_scf7180000003515_97413-101057_1-3580_1501	32251
S34	perk_nuc_scf7180000003515_97393-101483_18-3600_901	46028
S34	paramoeba_nuc_1470934d-65f8-451a-be8f-f65c6f0f857d_1-523_1	39699
S34	paramoeba_mito_scf7180000003282_5381-6781_1	343805
S34	paramoeba_nuc_scf7180000004653_9090-9584_1	316543
S35	paramoeba_mito_scf7180000003282_17181-17683_1	90059
S35	perk_mito_lcl_KT261385.1_cds_ALR73785.1_1_2251	0
S35	paramoeba_nuc_scf7180000003537_4360-5238_1	436
S35	paramoeba_mito_844d98a6-101b-424e-82ab-b4beb7985a5e_16-472_1	103954
S35	perk_mito_lcl_KT261385.1_cds_ALR73787.1_3_1	3
S35	paramoeba_mito_d9f872cc-4915-4218-bcca-14a2b2446441_79-629_1	1248952
S35	paramoeba_mito_scf7180000003282_72335-73819_451	159774
S35	paramoeba_mito_scf7180000003282_2577-3764_451	13411
S35	paramoeba_nuc_2474b264-82c9-41bc-83f7-da2b5b94a433_93-564_1	10193
S35	paramoeba_mito_scf7180000003282_37622-38599_451	11238
S35	perk_mito_lcl_KT261384.1_cds_ALR73784.1_2_1	0
S35	perk_nuc_scf7180000003402_73894-74460_1	7939
S35	perk_nuc_scf7180000003591_3416-4408_1-990_1	83015
S35	perk_nuc_scf7180000003623_28906-30006_1-1100_1	12322
S35	perk_nuc_scf7180000003752_5410-7175_739-1757_1	46508
S35	perk_nuc_scf7180000003610_11439-12994_245-1203_1	0
S35	paramoeba_nuc_9042c6bc-20c4-4666-9a3b-25d3d5e60837_173-683_1	0
S35	perk_nuc_scf7180000003402_73455-74100_1	5108930
S35	perk_nuc_scf7180000003352_71298-72206_1-908_1	1387751
S35	perk_nuc_scf7180000003591_3414-9913_1-2291_901	5144
S35	perk_nuc_scf7180000003334_39138-40969_372-1777_1	4051
S35	paramoeba_nuc_9c47213e-a9a3-4bd8-b423-45221f6c0675_1-2364_1801	14865
S35	perk_nuc_scf7180000003602_54737-56021_1-1284_1	37913
S35	perk_nuc_scf7180000003687_22701-24808_4-2107_901	36965
S35	paramoeba_nuc_9c47213e-a9a3-4bd8-b423-45221f6c0675_1-2364_1351	13
S35	paramoeba_nuc_4f7562e3-280b-4809-b18d-cd20dff1ce4f_1-1988_1351	4
S35	perk_nuc_scf7180000003687_22703-23724_2-1021_1	63900
S35	perk_nuc_scf7180000003411_95621-97517_1-1896_1	40017
S35	paramoeba_nuc_9c47213e-a9a3-4bd8-b423-45221f6c0675_1-2364_1	3365
S35	paramoeba_nuc_4f7562e3-280b-4809-b18d-cd20dff1ce4f_1-1988_451	2896
S35	perk_nuc_scf7180000003687_28378-29539_1-1161_1	107960
S35	perk_nuc_scf7180000003660_28831-29439_1	10092
S35	perk_nuc_scf7180000003435_20352-22534_1-2182_901	0
S35	perk_nuc_scf7180000003435_21523-22534_1-1011_1	1778
S35	perk_nuc_scf7180000003334_14360-15471_115-1021_1	340611
S35	paramoeba_nuc_scf7180000003402_66620-67222_1	97265
S35	perk_nuc_scf7180000003316_105075-106432_82-1354_1	1492
S35	paramoeba_nuc_scf7180000003517_25093-25627_1	4731
S35	perk_nuc_scf7180000003478_19048-20119_1-1071_1	96
S35	perk_nuc_scf7180000003897_23035-23940_1-905_1	409
S35	perk_nuc_scf7180000003532_6044-7296_4-1252_1	3515
S35	paramoeba_nuc_b2668679-a471-4ab8-bea4-f5898a7a47e4_2-467_1	11359
S35	perk_nuc_scf7180000003402_72046-72895_1	7827
S35	perk_nuc_scf7180000003709_72424-73568_3-1144_1	405219
S35	paramoeba_nuc_91d69197-72f2-4926-90b3-b5a468a5a855_27-765_1	22
S35	perk_nuc_scf7180000003560_925-2762_1-1837_901	275526
S35	perk_nuc_scf7180000003326_75881-76823_1-942_1	8466
S35	perk_nuc_scf7180000003897_16527-17683_3-1156_1	482510
S35	perk_nuc_scf7180000003913_1473-2529_1-1056_1	267348
S35	perk_nuc_scf7180000003454_34019-35215_1-1193_1	4431
S35	perk_nuc_scf7180000003515_97413-101057_1-3580_1501	12
S35	perk_nuc_scf7180000003515_97393-101483_18-3600_901	160840
S35	paramoeba_nuc_1470934d-65f8-451a-be8f-f65c6f0f857d_1-523_1	3333
S35	paramoeba_mito_scf7180000003282_5381-6781_1	1311522
S35	paramoeba_nuc_scf7180000004653_9090-9584_1	908016
S37	paramoeba_mito_scf7180000003282_17181-17683_1	123905
S37	perk_mito_lcl_KT261385.1_cds_ALR73785.1_1_2251	8029
S37	paramoeba_nuc_scf7180000003537_4360-5238_1	43090
S37	paramoeba_mito_844d98a6-101b-424e-82ab-b4beb7985a5e_16-472_1	34230
S37	perk_mito_lcl_KT261385.1_cds_ALR73787.1_3_1	91378
S37	paramoeba_mito_d9f872cc-4915-4218-bcca-14a2b2446441_79-629_1	258744
S37	paramoeba_mito_scf7180000003282_72335-73819_451	203769
S37	paramoeba_mito_scf7180000003282_2577-3764_451	18343
S37	paramoeba_nuc_2474b264-82c9-41bc-83f7-da2b5b94a433_93-564_1	210601
S37	paramoeba_mito_scf7180000003282_37622-38599_451	16871
S37	perk_mito_lcl_KT261384.1_cds_ALR73784.1_2_1	14864
S37	perk_nuc_scf7180000003402_73894-74460_1	30341
S37	perk_nuc_scf7180000003591_3416-4408_1-990_1	73478
S37	perk_nuc_scf7180000003623_28906-30006_1-1100_1	24713
S37	perk_nuc_scf7180000003752_5410-7175_739-1757_1	142737
S37	perk_nuc_scf7180000003610_11439-12994_245-1203_1	0
S37	paramoeba_nuc_9042c6bc-20c4-4666-9a3b-25d3d5e60837_173-683_1	4619
S37	perk_nuc_scf7180000003402_73455-74100_1	1215359
S37	perk_nuc_scf7180000003352_71298-72206_1-908_1	815135
S37	perk_nuc_scf7180000003591_3414-9913_1-2291_901	27701
S37	perk_nuc_scf7180000003334_39138-40969_372-1777_1	18922
S37	paramoeba_nuc_9c47213e-a9a3-4bd8-b423-45221f6c0675_1-2364_1801	55032
S37	perk_nuc_scf7180000003602_54737-56021_1-1284_1	71222
S37	perk_nuc_scf7180000003687_22701-24808_4-2107_901	29295
S37	paramoeba_nuc_9c47213e-a9a3-4bd8-b423-45221f6c0675_1-2364_1351	26155
S37	paramoeba_nuc_4f7562e3-280b-4809-b18d-cd20dff1ce4f_1-1988_1351	51010
S37	perk_nuc_scf7180000003687_22703-23724_2-1021_1	204543
S37	perk_nuc_scf7180000003411_95621-97517_1-1896_1	127479
S37	paramoeba_nuc_9c47213e-a9a3-4bd8-b423-45221f6c0675_1-2364_1	83834
S37	paramoeba_nuc_4f7562e3-280b-4809-b18d-cd20dff1ce4f_1-1988_451	215898
S37	perk_nuc_scf7180000003687_28378-29539_1-1161_1	135520
S37	perk_nuc_scf7180000003660_28831-29439_1	146570
S37	perk_nuc_scf7180000003435_20352-22534_1-2182_901	7
S37	perk_nuc_scf7180000003435_21523-22534_1-1011_1	65669
S37	perk_nuc_scf7180000003334_14360-15471_115-1021_1	910304
S37	paramoeba_nuc_scf7180000003402_66620-67222_1	163560
S37	perk_nuc_scf7180000003316_105075-106432_82-1354_1	50909
S37	paramoeba_nuc_scf7180000003517_25093-25627_1	5155
S37	perk_nuc_scf7180000003478_19048-20119_1-1071_1	27020
S37	perk_nuc_scf7180000003897_23035-23940_1-905_1	10837
S37	perk_nuc_scf7180000003532_6044-7296_4-1252_1	48282
S37	paramoeba_nuc_b2668679-a471-4ab8-bea4-f5898a7a47e4_2-467_1	51404
S37	perk_nuc_scf7180000003402_72046-72895_1	15414
S37	perk_nuc_scf7180000003709_72424-73568_3-1144_1	176535
S37	paramoeba_nuc_91d69197-72f2-4926-90b3-b5a468a5a855_27-765_1	13702
S37	perk_nuc_scf7180000003560_925-2762_1-1837_901	111323
S37	perk_nuc_scf7180000003326_75881-76823_1-942_1	12501
S37	perk_nuc_scf7180000003897_16527-17683_3-1156_1	246263
S37	perk_nuc_scf7180000003913_1473-2529_1-1056_1	304853
S37	perk_nuc_scf7180000003454_34019-35215_1-1193_1	1619
S37	perk_nuc_scf7180000003515_97413-101057_1-3580_1501	34389
S37	perk_nuc_scf7180000003515_97393-101483_18-3600_901	74186
S37	paramoeba_nuc_1470934d-65f8-451a-be8f-f65c6f0f857d_1-523_1	253125
S37	paramoeba_mito_scf7180000003282_5381-6781_1	220192
S37	paramoeba_nuc_scf7180000004653_9090-9584_1	664873
S38	paramoeba_mito_scf7180000003282_17181-17683_1	11158
S38	perk_mito_lcl_KT261385.1_cds_ALR73785.1_1_2251	0
S38	paramoeba_nuc_scf7180000003537_4360-5238_1	82
S38	paramoeba_mito_844d98a6-101b-424e-82ab-b4beb7985a5e_16-472_1	103800
S38	perk_mito_lcl_KT261385.1_cds_ALR73787.1_3_1	0
S38	paramoeba_mito_d9f872cc-4915-4218-bcca-14a2b2446441_79-629_1	461554
S38	paramoeba_mito_scf7180000003282_72335-73819_451	92864
S38	paramoeba_mito_scf7180000003282_2577-3764_451	6037
S38	paramoeba_nuc_2474b264-82c9-41bc-83f7-da2b5b94a433_93-564_1	2150
S38	paramoeba_mito_scf7180000003282_37622-38599_451	11180
S38	perk_mito_lcl_KT261384.1_cds_ALR73784.1_2_1	0
S38	perk_nuc_scf7180000003402_73894-74460_1	26968
S38	perk_nuc_scf7180000003591_3416-4408_1-990_1	49359
S38	perk_nuc_scf7180000003623_28906-30006_1-1100_1	10675
S38	perk_nuc_scf7180000003752_5410-7175_739-1757_1	280
S38	perk_nuc_scf7180000003610_11439-12994_245-1203_1	0
S38	paramoeba_nuc_9042c6bc-20c4-4666-9a3b-25d3d5e60837_173-683_1	6
S38	perk_nuc_scf7180000003402_73455-74100_1	3255524
S38	perk_nuc_scf7180000003352_71298-72206_1-908_1	1175914
S38	perk_nuc_scf7180000003591_3414-9913_1-2291_901	10668
S38	perk_nuc_scf7180000003334_39138-40969_372-1777_1	9692
S38	paramoeba_nuc_9c47213e-a9a3-4bd8-b423-45221f6c0675_1-2364_1801	45474
S38	perk_nuc_scf7180000003602_54737-56021_1-1284_1	101201
S38	perk_nuc_scf7180000003687_22701-24808_4-2107_901	29937
S38	paramoeba_nuc_9c47213e-a9a3-4bd8-b423-45221f6c0675_1-2364_1351	2
S38	paramoeba_nuc_4f7562e3-280b-4809-b18d-cd20dff1ce4f_1-1988_1351	4
S38	perk_nuc_scf7180000003687_22703-23724_2-1021_1	330112
S38	perk_nuc_scf7180000003411_95621-97517_1-1896_1	72132
S38	paramoeba_nuc_9c47213e-a9a3-4bd8-b423-45221f6c0675_1-2364_1	338
S38	paramoeba_nuc_4f7562e3-280b-4809-b18d-cd20dff1ce4f_1-1988_451	1998
S38	perk_nuc_scf7180000003687_28378-29539_1-1161_1	122520
S38	perk_nuc_scf7180000003660_28831-29439_1	5451
S38	perk_nuc_scf7180000003435_20352-22534_1-2182_901	0
S38	perk_nuc_scf7180000003435_21523-22534_1-1011_1	228
S38	perk_nuc_scf7180000003334_14360-15471_115-1021_1	506060
S38	paramoeba_nuc_scf7180000003402_66620-67222_1	152626
S38	perk_nuc_scf7180000003316_105075-106432_82-1354_1	1150
S38	paramoeba_nuc_scf7180000003517_25093-25627_1	3606
S38	perk_nuc_scf7180000003478_19048-20119_1-1071_1	234
S38	perk_nuc_scf7180000003897_23035-23940_1-905_1	196
S38	perk_nuc_scf7180000003532_6044-7296_4-1252_1	19285
S38	paramoeba_nuc_b2668679-a471-4ab8-bea4-f5898a7a47e4_2-467_1	5511
S38	perk_nuc_scf7180000003402_72046-72895_1	5596
S38	perk_nuc_scf7180000003709_72424-73568_3-1144_1	278882
S38	paramoeba_nuc_91d69197-72f2-4926-90b3-b5a468a5a855_27-765_1	0
S38	perk_nuc_scf7180000003560_925-2762_1-1837_901	134933
S38	perk_nuc_scf7180000003326_75881-76823_1-942_1	11742
S38	perk_nuc_scf7180000003897_16527-17683_3-1156_1	332349
S38	perk_nuc_scf7180000003913_1473-2529_1-1056_1	103963
S38	perk_nuc_scf7180000003454_34019-35215_1-1193_1	4046
S38	perk_nuc_scf7180000003515_97413-101057_1-3580_1501	67
S38	perk_nuc_scf7180000003515_97393-101483_18-3600_901	142438
S38	paramoeba_nuc_1470934d-65f8-451a-be8f-f65c6f0f857d_1-523_1	6780
S38	paramoeba_mito_scf7180000003282_5381-6781_1	484877
S38	paramoeba_nuc_scf7180000004653_9090-9584_1	998523
S3	paramoeba_mito_scf7180000003282_17181-17683_1	96030
S3	perk_mito_lcl_KT261385.1_cds_ALR73785.1_1_2251	0
S3	paramoeba_nuc_scf7180000003537_4360-5238_1	20432
S3	paramoeba_mito_844d98a6-101b-424e-82ab-b4beb7985a5e_16-472_1	48350
S3	perk_mito_lcl_KT261385.1_cds_ALR73787.1_3_1	44167
S3	paramoeba_mito_d9f872cc-4915-4218-bcca-14a2b2446441_79-629_1	194086
S3	paramoeba_mito_scf7180000003282_72335-73819_451	28949
S3	paramoeba_mito_scf7180000003282_2577-3764_451	15148
S3	paramoeba_nuc_2474b264-82c9-41bc-83f7-da2b5b94a433_93-564_1	38162
S3	paramoeba_mito_scf7180000003282_37622-38599_451	1808
S3	perk_mito_lcl_KT261384.1_cds_ALR73784.1_2_1	21421
S3	perk_nuc_scf7180000003402_73894-74460_1	37031
S3	perk_nuc_scf7180000003591_3416-4408_1-990_1	46149
S3	perk_nuc_scf7180000003623_28906-30006_1-1100_1	14072
S3	perk_nuc_scf7180000003752_5410-7175_739-1757_1	30192
S3	perk_nuc_scf7180000003610_11439-12994_245-1203_1	0
S3	paramoeba_nuc_9042c6bc-20c4-4666-9a3b-25d3d5e60837_173-683_1	10849
S3	perk_nuc_scf7180000003402_73455-74100_1	320885
S3	perk_nuc_scf7180000003352_71298-72206_1-908_1	153842
S3	perk_nuc_scf7180000003591_3414-9913_1-2291_901	18155
S3	perk_nuc_scf7180000003334_39138-40969_372-1777_1	25889
S3	paramoeba_nuc_9c47213e-a9a3-4bd8-b423-45221f6c0675_1-2364_1801	5852
S3	perk_nuc_scf7180000003602_54737-56021_1-1284_1	15220
S3	perk_nuc_scf7180000003687_22701-24808_4-2107_901	26366
S3	paramoeba_nuc_9c47213e-a9a3-4bd8-b423-45221f6c0675_1-2364_1351	3710
S3	paramoeba_nuc_4f7562e3-280b-4809-b18d-cd20dff1ce4f_1-1988_1351	3354
S3	perk_nuc_scf7180000003687_22703-23724_2-1021_1	19050
S3	perk_nuc_scf7180000003411_95621-97517_1-1896_1	11981
S3	paramoeba_nuc_9c47213e-a9a3-4bd8-b423-45221f6c0675_1-2364_1	18270
S3	paramoeba_nuc_4f7562e3-280b-4809-b18d-cd20dff1ce4f_1-1988_451	102003
S3	perk_nuc_scf7180000003687_28378-29539_1-1161_1	78924
S3	perk_nuc_scf7180000003660_28831-29439_1	113608
S3	perk_nuc_scf7180000003435_20352-22534_1-2182_901	0
S3	perk_nuc_scf7180000003435_21523-22534_1-1011_1	22079
S3	perk_nuc_scf7180000003334_14360-15471_115-1021_1	794832
S3	paramoeba_nuc_scf7180000003402_66620-67222_1	37327
S3	perk_nuc_scf7180000003316_105075-106432_82-1354_1	34792
S3	paramoeba_nuc_scf7180000003517_25093-25627_1	15489
S3	perk_nuc_scf7180000003478_19048-20119_1-1071_1	31536
S3	perk_nuc_scf7180000003897_23035-23940_1-905_1	21863
S3	perk_nuc_scf7180000003532_6044-7296_4-1252_1	28458
S3	paramoeba_nuc_b2668679-a471-4ab8-bea4-f5898a7a47e4_2-467_1	21588
S3	perk_nuc_scf7180000003402_72046-72895_1	14265
S3	perk_nuc_scf7180000003709_72424-73568_3-1144_1	60145
S3	paramoeba_nuc_91d69197-72f2-4926-90b3-b5a468a5a855_27-765_1	1130
S3	perk_nuc_scf7180000003560_925-2762_1-1837_901	141177
S3	perk_nuc_scf7180000003326_75881-76823_1-942_1	11654
S3	perk_nuc_scf7180000003897_16527-17683_3-1156_1	131089
S3	perk_nuc_scf7180000003913_1473-2529_1-1056_1	111629
S3	perk_nuc_scf7180000003454_34019-35215_1-1193_1	14964
S3	perk_nuc_scf7180000003515_97413-101057_1-3580_1501	11487
S3	perk_nuc_scf7180000003515_97393-101483_18-3600_901	7100
S3	paramoeba_nuc_1470934d-65f8-451a-be8f-f65c6f0f857d_1-523_1	13053
S3	paramoeba_mito_scf7180000003282_5381-6781_1	204786
S3	paramoeba_nuc_scf7180000004653_9090-9584_1	209532
S47	paramoeba_mito_scf7180000003282_17181-17683_1	599459
S47	perk_mito_lcl_KT261385.1_cds_ALR73785.1_1_2251	1940
S47	paramoeba_nuc_scf7180000003537_4360-5238_1	69310
S47	paramoeba_mito_844d98a6-101b-424e-82ab-b4beb7985a5e_16-472_1	572774
S47	perk_mito_lcl_KT261385.1_cds_ALR73787.1_3_1	77341
S47	paramoeba_mito_d9f872cc-4915-4218-bcca-14a2b2446441_79-629_1	792958
S47	paramoeba_mito_scf7180000003282_72335-73819_451	47681
S47	paramoeba_mito_scf7180000003282_2577-3764_451	13708
S47	paramoeba_nuc_2474b264-82c9-41bc-83f7-da2b5b94a433_93-564_1	114568
S47	paramoeba_mito_scf7180000003282_37622-38599_451	1205
S47	perk_mito_lcl_KT261384.1_cds_ALR73784.1_2_1	45252
S47	perk_nuc_scf7180000003402_73894-74460_1	151544
S47	perk_nuc_scf7180000003591_3416-4408_1-990_1	211813
S47	perk_nuc_scf7180000003623_28906-30006_1-1100_1	40241
S47	perk_nuc_scf7180000003752_5410-7175_739-1757_1	89628
S47	perk_nuc_scf7180000003610_11439-12994_245-1203_1	0
S47	paramoeba_nuc_9042c6bc-20c4-4666-9a3b-25d3d5e60837_173-683_1	3446
S47	perk_nuc_scf7180000003402_73455-74100_1	1757801
S47	perk_nuc_scf7180000003352_71298-72206_1-908_1	1969861
S47	perk_nuc_scf7180000003591_3414-9913_1-2291_901	101729
S47	perk_nuc_scf7180000003334_39138-40969_372-1777_1	41083
S47	paramoeba_nuc_9c47213e-a9a3-4bd8-b423-45221f6c0675_1-2364_1801	4016
S47	perk_nuc_scf7180000003602_54737-56021_1-1284_1	21923
S47	perk_nuc_scf7180000003687_22701-24808_4-2107_901	233390
S47	paramoeba_nuc_9c47213e-a9a3-4bd8-b423-45221f6c0675_1-2364_1351	5993
S47	paramoeba_nuc_4f7562e3-280b-4809-b18d-cd20dff1ce4f_1-1988_1351	10319
S47	perk_nuc_scf7180000003687_22703-23724_2-1021_1	764905
S47	perk_nuc_scf7180000003411_95621-97517_1-1896_1	31079
S47	paramoeba_nuc_9c47213e-a9a3-4bd8-b423-45221f6c0675_1-2364_1	30624
S47	paramoeba_nuc_4f7562e3-280b-4809-b18d-cd20dff1ce4f_1-1988_451	453016
S47	perk_nuc_scf7180000003687_28378-29539_1-1161_1	282671
S47	perk_nuc_scf7180000003660_28831-29439_1	376386
S47	perk_nuc_scf7180000003435_20352-22534_1-2182_901	0
S47	perk_nuc_scf7180000003435_21523-22534_1-1011_1	86535
S47	perk_nuc_scf7180000003334_14360-15471_115-1021_1	2135821
S47	paramoeba_nuc_scf7180000003402_66620-67222_1	272145
S47	perk_nuc_scf7180000003316_105075-106432_82-1354_1	54282
S47	paramoeba_nuc_scf7180000003517_25093-25627_1	2927
S47	perk_nuc_scf7180000003478_19048-20119_1-1071_1	58578
S47	perk_nuc_scf7180000003897_23035-23940_1-905_1	19930
S47	perk_nuc_scf7180000003532_6044-7296_4-1252_1	160962
S47	paramoeba_nuc_b2668679-a471-4ab8-bea4-f5898a7a47e4_2-467_1	12728
S47	perk_nuc_scf7180000003402_72046-72895_1	17177
S47	perk_nuc_scf7180000003709_72424-73568_3-1144_1	529764
S47	paramoeba_nuc_91d69197-72f2-4926-90b3-b5a468a5a855_27-765_1	2356
S47	perk_nuc_scf7180000003560_925-2762_1-1837_901	115129
S47	perk_nuc_scf7180000003326_75881-76823_1-942_1	65563
S47	perk_nuc_scf7180000003897_16527-17683_3-1156_1	370127
S47	perk_nuc_scf7180000003913_1473-2529_1-1056_1	343963
S47	perk_nuc_scf7180000003454_34019-35215_1-1193_1	1477
S47	perk_nuc_scf7180000003515_97413-101057_1-3580_1501	24604
S47	perk_nuc_scf7180000003515_97393-101483_18-3600_901	132235
S47	paramoeba_nuc_1470934d-65f8-451a-be8f-f65c6f0f857d_1-523_1	45672
S47	paramoeba_mito_scf7180000003282_5381-6781_1	737293
S47	paramoeba_nuc_scf7180000004653_9090-9584_1	1175212
S48	paramoeba_mito_scf7180000003282_17181-17683_1	211054
S48	perk_mito_lcl_KT261385.1_cds_ALR73785.1_1_2251	0
S48	paramoeba_nuc_scf7180000003537_4360-5238_1	31799
S48	paramoeba_mito_844d98a6-101b-424e-82ab-b4beb7985a5e_16-472_1	843532
S48	perk_mito_lcl_KT261385.1_cds_ALR73787.1_3_1	48179
S48	paramoeba_mito_d9f872cc-4915-4218-bcca-14a2b2446441_79-629_1	1163301
S48	paramoeba_mito_scf7180000003282_72335-73819_451	222387
S48	paramoeba_mito_scf7180000003282_2577-3764_451	10896
S48	paramoeba_nuc_2474b264-82c9-41bc-83f7-da2b5b94a433_93-564_1	20002
S48	paramoeba_mito_scf7180000003282_37622-38599_451	7363
S48	perk_mito_lcl_KT261384.1_cds_ALR73784.1_2_1	0
S48	perk_nuc_scf7180000003402_73894-74460_1	137686
S48	perk_nuc_scf7180000003591_3416-4408_1-990_1	202856
S48	perk_nuc_scf7180000003623_28906-30006_1-1100_1	13308
S48	perk_nuc_scf7180000003752_5410-7175_739-1757_1	47143
S48	perk_nuc_scf7180000003610_11439-12994_245-1203_1	0
S48	paramoeba_nuc_9042c6bc-20c4-4666-9a3b-25d3d5e60837_173-683_1	0
S48	perk_nuc_scf7180000003402_73455-74100_1	3381318
S48	perk_nuc_scf7180000003352_71298-72206_1-908_1	962223
S48	perk_nuc_scf7180000003591_3414-9913_1-2291_901	5830
S48	perk_nuc_scf7180000003334_39138-40969_372-1777_1	7584
S48	paramoeba_nuc_9c47213e-a9a3-4bd8-b423-45221f6c0675_1-2364_1801	1623
S48	perk_nuc_scf7180000003602_54737-56021_1-1284_1	156328
S48	perk_nuc_scf7180000003687_22701-24808_4-2107_901	46821
S48	paramoeba_nuc_9c47213e-a9a3-4bd8-b423-45221f6c0675_1-2364_1351	105907
S48	paramoeba_nuc_4f7562e3-280b-4809-b18d-cd20dff1ce4f_1-1988_1351	23
S48	perk_nuc_scf7180000003687_22703-23724_2-1021_1	76964
S48	perk_nuc_scf7180000003411_95621-97517_1-1896_1	34208
S48	paramoeba_nuc_9c47213e-a9a3-4bd8-b423-45221f6c0675_1-2364_1	365
S48	paramoeba_nuc_4f7562e3-280b-4809-b18d-cd20dff1ce4f_1-1988_451	324911
S48	perk_nuc_scf7180000003687_28378-29539_1-1161_1	163916
S48	perk_nuc_scf7180000003660_28831-29439_1	25360
S48	perk_nuc_scf7180000003435_20352-22534_1-2182_901	0
S48	perk_nuc_scf7180000003435_21523-22534_1-1011_1	49285
S48	perk_nuc_scf7180000003334_14360-15471_115-1021_1	1132931
S48	paramoeba_nuc_scf7180000003402_66620-67222_1	163182
S48	perk_nuc_scf7180000003316_105075-106432_82-1354_1	761
S48	paramoeba_nuc_scf7180000003517_25093-25627_1	4841
S48	perk_nuc_scf7180000003478_19048-20119_1-1071_1	124
S48	perk_nuc_scf7180000003897_23035-23940_1-905_1	47
S48	perk_nuc_scf7180000003532_6044-7296_4-1252_1	9451
S48	paramoeba_nuc_b2668679-a471-4ab8-bea4-f5898a7a47e4_2-467_1	15581
S48	perk_nuc_scf7180000003402_72046-72895_1	7507
S48	perk_nuc_scf7180000003709_72424-73568_3-1144_1	154802
S48	paramoeba_nuc_91d69197-72f2-4926-90b3-b5a468a5a855_27-765_1	1500
S48	perk_nuc_scf7180000003560_925-2762_1-1837_901	1087376
S48	perk_nuc_scf7180000003326_75881-76823_1-942_1	33173
S48	perk_nuc_scf7180000003897_16527-17683_3-1156_1	300762
S48	perk_nuc_scf7180000003913_1473-2529_1-1056_1	170875
S48	perk_nuc_scf7180000003454_34019-35215_1-1193_1	3358
S48	perk_nuc_scf7180000003515_97413-101057_1-3580_1501	18399
S48	perk_nuc_scf7180000003515_97393-101483_18-3600_901	89279
S48	paramoeba_nuc_1470934d-65f8-451a-be8f-f65c6f0f857d_1-523_1	32620
S48	paramoeba_mito_scf7180000003282_5381-6781_1	1249806
S48	paramoeba_nuc_scf7180000004653_9090-9584_1	2081136
S53	paramoeba_mito_scf7180000003282_17181-17683_1	32808
S53	perk_mito_lcl_KT261385.1_cds_ALR73785.1_1_2251	2
S53	paramoeba_nuc_scf7180000003537_4360-5238_1	27
S53	paramoeba_mito_844d98a6-101b-424e-82ab-b4beb7985a5e_16-472_1	112537
S53	perk_mito_lcl_KT261385.1_cds_ALR73787.1_3_1	11
S53	paramoeba_mito_d9f872cc-4915-4218-bcca-14a2b2446441_79-629_1	374768
S53	paramoeba_mito_scf7180000003282_72335-73819_451	58466
S53	paramoeba_mito_scf7180000003282_2577-3764_451	12927
S53	paramoeba_nuc_2474b264-82c9-41bc-83f7-da2b5b94a433_93-564_1	2066
S53	paramoeba_mito_scf7180000003282_37622-38599_451	1113
S53	perk_mito_lcl_KT261384.1_cds_ALR73784.1_2_1	58
S53	perk_nuc_scf7180000003402_73894-74460_1	37207
S53	perk_nuc_scf7180000003591_3416-4408_1-990_1	152616
S53	perk_nuc_scf7180000003623_28906-30006_1-1100_1	21926
S53	perk_nuc_scf7180000003752_5410-7175_739-1757_1	70114
S53	perk_nuc_scf7180000003610_11439-12994_245-1203_1	0
S53	paramoeba_nuc_9042c6bc-20c4-4666-9a3b-25d3d5e60837_173-683_1	0
S53	perk_nuc_scf7180000003402_73455-74100_1	2543085
S53	perk_nuc_scf7180000003352_71298-72206_1-908_1	1498856
S53	perk_nuc_scf7180000003591_3414-9913_1-2291_901	19089
S53	perk_nuc_scf7180000003334_39138-40969_372-1777_1	5415
S53	paramoeba_nuc_9c47213e-a9a3-4bd8-b423-45221f6c0675_1-2364_1801	6617
S53	perk_nuc_scf7180000003602_54737-56021_1-1284_1	50152
S53	perk_nuc_scf7180000003687_22701-24808_4-2107_901	90632
S53	paramoeba_nuc_9c47213e-a9a3-4bd8-b423-45221f6c0675_1-2364_1351	14
S53	paramoeba_nuc_4f7562e3-280b-4809-b18d-cd20dff1ce4f_1-1988_1351	17
S53	perk_nuc_scf7180000003687_22703-23724_2-1021_1	315
S53	perk_nuc_scf7180000003411_95621-97517_1-1896_1	38226
S53	paramoeba_nuc_9c47213e-a9a3-4bd8-b423-45221f6c0675_1-2364_1	24612
S53	paramoeba_nuc_4f7562e3-280b-4809-b18d-cd20dff1ce4f_1-1988_451	297325
S53	perk_nuc_scf7180000003687_28378-29539_1-1161_1	402980
S53	perk_nuc_scf7180000003660_28831-29439_1	10155
S53	perk_nuc_scf7180000003435_20352-22534_1-2182_901	0
S53	perk_nuc_scf7180000003435_21523-22534_1-1011_1	72526
S53	perk_nuc_scf7180000003334_14360-15471_115-1021_1	602552
S53	paramoeba_nuc_scf7180000003402_66620-67222_1	72892
S53	perk_nuc_scf7180000003316_105075-106432_82-1354_1	19835
S53	paramoeba_nuc_scf7180000003517_25093-25627_1	3081
S53	perk_nuc_scf7180000003478_19048-20119_1-1071_1	138
S53	perk_nuc_scf7180000003897_23035-23940_1-905_1	2208
S53	perk_nuc_scf7180000003532_6044-7296_4-1252_1	191
S53	paramoeba_nuc_b2668679-a471-4ab8-bea4-f5898a7a47e4_2-467_1	20616
S53	perk_nuc_scf7180000003402_72046-72895_1	18537
S53	perk_nuc_scf7180000003709_72424-73568_3-1144_1	258745
S53	paramoeba_nuc_91d69197-72f2-4926-90b3-b5a468a5a855_27-765_1	94
S53	perk_nuc_scf7180000003560_925-2762_1-1837_901	701435
S53	perk_nuc_scf7180000003326_75881-76823_1-942_1	34439
S53	perk_nuc_scf7180000003897_16527-17683_3-1156_1	213577
S53	perk_nuc_scf7180000003913_1473-2529_1-1056_1	469674
S53	perk_nuc_scf7180000003454_34019-35215_1-1193_1	1433
S53	perk_nuc_scf7180000003515_97413-101057_1-3580_1501	0
S53	perk_nuc_scf7180000003515_97393-101483_18-3600_901	6563
S53	paramoeba_nuc_1470934d-65f8-451a-be8f-f65c6f0f857d_1-523_1	46828
S53	paramoeba_mito_scf7180000003282_5381-6781_1	343075
S53	paramoeba_nuc_scf7180000004653_9090-9584_1	757293
S57	paramoeba_mito_scf7180000003282_17181-17683_1	104175
S57	perk_mito_lcl_KT261385.1_cds_ALR73785.1_1_2251	0
S57	paramoeba_nuc_scf7180000003537_4360-5238_1	26124
S57	paramoeba_mito_844d98a6-101b-424e-82ab-b4beb7985a5e_16-472_1	57533
S57	perk_mito_lcl_KT261385.1_cds_ALR73787.1_3_1	61474
S57	paramoeba_mito_d9f872cc-4915-4218-bcca-14a2b2446441_79-629_1	232545
S57	paramoeba_mito_scf7180000003282_72335-73819_451	118070
S57	paramoeba_mito_scf7180000003282_2577-3764_451	8932
S57	paramoeba_nuc_2474b264-82c9-41bc-83f7-da2b5b94a433_93-564_1	152102
S57	paramoeba_mito_scf7180000003282_37622-38599_451	3086
S57	perk_mito_lcl_KT261384.1_cds_ALR73784.1_2_1	15758
S57	perk_nuc_scf7180000003402_73894-74460_1	16481
S57	perk_nuc_scf7180000003591_3416-4408_1-990_1	76953
S57	perk_nuc_scf7180000003623_28906-30006_1-1100_1	13563
S57	perk_nuc_scf7180000003752_5410-7175_739-1757_1	52618
S57	perk_nuc_scf7180000003610_11439-12994_245-1203_1	0
S57	paramoeba_nuc_9042c6bc-20c4-4666-9a3b-25d3d5e60837_173-683_1	3912
S57	perk_nuc_scf7180000003402_73455-74100_1	1438187
S57	perk_nuc_scf7180000003352_71298-72206_1-908_1	581850
S57	perk_nuc_scf7180000003591_3414-9913_1-2291_901	21295
S57	perk_nuc_scf7180000003334_39138-40969_372-1777_1	27891
S57	paramoeba_nuc_9c47213e-a9a3-4bd8-b423-45221f6c0675_1-2364_1801	43822
S57	perk_nuc_scf7180000003602_54737-56021_1-1284_1	58372
S57	perk_nuc_scf7180000003687_22701-24808_4-2107_901	19070
S57	paramoeba_nuc_9c47213e-a9a3-4bd8-b423-45221f6c0675_1-2364_1351	2243
S57	paramoeba_nuc_4f7562e3-280b-4809-b18d-cd20dff1ce4f_1-1988_1351	2404
S57	perk_nuc_scf7180000003687_22703-23724_2-1021_1	187450
S57	perk_nuc_scf7180000003411_95621-97517_1-1896_1	21453
S57	paramoeba_nuc_9c47213e-a9a3-4bd8-b423-45221f6c0675_1-2364_1	46363
S57	paramoeba_nuc_4f7562e3-280b-4809-b18d-cd20dff1ce4f_1-1988_451	262121
S57	perk_nuc_scf7180000003687_28378-29539_1-1161_1	83864
S57	perk_nuc_scf7180000003660_28831-29439_1	117114
S57	perk_nuc_scf7180000003435_20352-22534_1-2182_901	0
S57	perk_nuc_scf7180000003435_21523-22534_1-1011_1	31056
S57	perk_nuc_scf7180000003334_14360-15471_115-1021_1	701612
S57	paramoeba_nuc_scf7180000003402_66620-67222_1	151112
S57	perk_nuc_scf7180000003316_105075-106432_82-1354_1	1486
S57	paramoeba_nuc_scf7180000003517_25093-25627_1	2607
S57	perk_nuc_scf7180000003478_19048-20119_1-1071_1	16086
S57	perk_nuc_scf7180000003897_23035-23940_1-905_1	7404
S57	perk_nuc_scf7180000003532_6044-7296_4-1252_1	13183
S57	paramoeba_nuc_b2668679-a471-4ab8-bea4-f5898a7a47e4_2-467_1	6390
S57	perk_nuc_scf7180000003402_72046-72895_1	8125
S57	perk_nuc_scf7180000003709_72424-73568_3-1144_1	167492
S57	paramoeba_nuc_91d69197-72f2-4926-90b3-b5a468a5a855_27-765_1	561
S57	perk_nuc_scf7180000003560_925-2762_1-1837_901	92685
S57	perk_nuc_scf7180000003326_75881-76823_1-942_1	4587
S57	perk_nuc_scf7180000003897_16527-17683_3-1156_1	241601
S57	perk_nuc_scf7180000003913_1473-2529_1-1056_1	123932
S57	perk_nuc_scf7180000003454_34019-35215_1-1193_1	912
S57	perk_nuc_scf7180000003515_97413-101057_1-3580_1501	6543
S57	perk_nuc_scf7180000003515_97393-101483_18-3600_901	59962
S57	paramoeba_nuc_1470934d-65f8-451a-be8f-f65c6f0f857d_1-523_1	30603
S57	paramoeba_mito_scf7180000003282_5381-6781_1	199218
S57	paramoeba_nuc_scf7180000004653_9090-9584_1	371498
S59	paramoeba_mito_scf7180000003282_17181-17683_1	225451
S59	perk_mito_lcl_KT261385.1_cds_ALR73785.1_1_2251	0
S59	paramoeba_nuc_scf7180000003537_4360-5238_1	4739
S59	paramoeba_mito_844d98a6-101b-424e-82ab-b4beb7985a5e_16-472_1	507908
S59	perk_mito_lcl_KT261385.1_cds_ALR73787.1_3_1	9863
S59	paramoeba_mito_d9f872cc-4915-4218-bcca-14a2b2446441_79-629_1	1002688
S59	paramoeba_mito_scf7180000003282_72335-73819_451	85934
S59	paramoeba_mito_scf7180000003282_2577-3764_451	7154
S59	paramoeba_nuc_2474b264-82c9-41bc-83f7-da2b5b94a433_93-564_1	7798
S59	paramoeba_mito_scf7180000003282_37622-38599_451	1180
S59	perk_mito_lcl_KT261384.1_cds_ALR73784.1_2_1	0
S59	perk_nuc_scf7180000003402_73894-74460_1	38487
S59	perk_nuc_scf7180000003591_3416-4408_1-990_1	239329
S59	perk_nuc_scf7180000003623_28906-30006_1-1100_1	14032
S59	perk_nuc_scf7180000003752_5410-7175_739-1757_1	38867
S59	perk_nuc_scf7180000003610_11439-12994_245-1203_1	0
S59	paramoeba_nuc_9042c6bc-20c4-4666-9a3b-25d3d5e60837_173-683_1	6
S59	perk_nuc_scf7180000003402_73455-74100_1	4586495
S59	perk_nuc_scf7180000003352_71298-72206_1-908_1	1636549
S59	perk_nuc_scf7180000003591_3414-9913_1-2291_901	20288
S59	perk_nuc_scf7180000003334_39138-40969_372-1777_1	74124
S59	paramoeba_nuc_9c47213e-a9a3-4bd8-b423-45221f6c0675_1-2364_1801	47116
S59	perk_nuc_scf7180000003602_54737-56021_1-1284_1	220004
S59	perk_nuc_scf7180000003687_22701-24808_4-2107_901	65834
S59	paramoeba_nuc_9c47213e-a9a3-4bd8-b423-45221f6c0675_1-2364_1351	31311
S59	paramoeba_nuc_4f7562e3-280b-4809-b18d-cd20dff1ce4f_1-1988_1351	1921
S59	perk_nuc_scf7180000003687_22703-23724_2-1021_1	327972
S59	perk_nuc_scf7180000003411_95621-97517_1-1896_1	57643
S59	paramoeba_nuc_9c47213e-a9a3-4bd8-b423-45221f6c0675_1-2364_1	49840
S59	paramoeba_nuc_4f7562e3-280b-4809-b18d-cd20dff1ce4f_1-1988_451	153661
S59	perk_nuc_scf7180000003687_28378-29539_1-1161_1	248062
S59	perk_nuc_scf7180000003660_28831-29439_1	11957
S59	perk_nuc_scf7180000003435_20352-22534_1-2182_901	0
S59	perk_nuc_scf7180000003435_21523-22534_1-1011_1	14080
S59	perk_nuc_scf7180000003334_14360-15471_115-1021_1	526105
S59	paramoeba_nuc_scf7180000003402_66620-67222_1	354341
S59	perk_nuc_scf7180000003316_105075-106432_82-1354_1	33559
S59	paramoeba_nuc_scf7180000003517_25093-25627_1	3395
S59	perk_nuc_scf7180000003478_19048-20119_1-1071_1	187
S59	perk_nuc_scf7180000003897_23035-23940_1-905_1	3901
S59	perk_nuc_scf7180000003532_6044-7296_4-1252_1	145261
S59	paramoeba_nuc_b2668679-a471-4ab8-bea4-f5898a7a47e4_2-467_1	7301
S59	perk_nuc_scf7180000003402_72046-72895_1	8297
S59	perk_nuc_scf7180000003709_72424-73568_3-1144_1	357643
S59	paramoeba_nuc_91d69197-72f2-4926-90b3-b5a468a5a855_27-765_1	20
S59	perk_nuc_scf7180000003560_925-2762_1-1837_901	1051090
S59	perk_nuc_scf7180000003326_75881-76823_1-942_1	24841
S59	perk_nuc_scf7180000003897_16527-17683_3-1156_1	682424
S59	perk_nuc_scf7180000003913_1473-2529_1-1056_1	229963
S59	perk_nuc_scf7180000003454_34019-35215_1-1193_1	1425
S59	perk_nuc_scf7180000003515_97413-101057_1-3580_1501	9508
S59	perk_nuc_scf7180000003515_97393-101483_18-3600_901	385191
S59	paramoeba_nuc_1470934d-65f8-451a-be8f-f65c6f0f857d_1-523_1	41390
S59	paramoeba_mito_scf7180000003282_5381-6781_1	1072600
S59	paramoeba_nuc_scf7180000004653_9090-9584_1	1407157
S60	paramoeba_mito_scf7180000003282_17181-17683_1	196096
S60	perk_mito_lcl_KT261385.1_cds_ALR73785.1_1_2251	0
S60	paramoeba_nuc_scf7180000003537_4360-5238_1	11971
S60	paramoeba_mito_844d98a6-101b-424e-82ab-b4beb7985a5e_16-472_1	278290
S60	perk_mito_lcl_KT261385.1_cds_ALR73787.1_3_1	35644
S60	paramoeba_mito_d9f872cc-4915-4218-bcca-14a2b2446441_79-629_1	769474
S60	paramoeba_mito_scf7180000003282_72335-73819_451	67861
S60	paramoeba_mito_scf7180000003282_2577-3764_451	6801
S60	paramoeba_nuc_2474b264-82c9-41bc-83f7-da2b5b94a433_93-564_1	8847
S60	paramoeba_mito_scf7180000003282_37622-38599_451	840
S60	perk_mito_lcl_KT261384.1_cds_ALR73784.1_2_1	0
S60	perk_nuc_scf7180000003402_73894-74460_1	25711
S60	perk_nuc_scf7180000003591_3416-4408_1-990_1	94333
S60	perk_nuc_scf7180000003623_28906-30006_1-1100_1	14347
S60	perk_nuc_scf7180000003752_5410-7175_739-1757_1	39209
S60	perk_nuc_scf7180000003610_11439-12994_245-1203_1	0
S60	paramoeba_nuc_9042c6bc-20c4-4666-9a3b-25d3d5e60837_173-683_1	0
S60	perk_nuc_scf7180000003402_73455-74100_1	2960847
S60	perk_nuc_scf7180000003352_71298-72206_1-908_1	1496568
S60	perk_nuc_scf7180000003591_3414-9913_1-2291_901	20120
S60	perk_nuc_scf7180000003334_39138-40969_372-1777_1	19584
S60	paramoeba_nuc_9c47213e-a9a3-4bd8-b423-45221f6c0675_1-2364_1801	151051
S60	perk_nuc_scf7180000003602_54737-56021_1-1284_1	160500
S60	perk_nuc_scf7180000003687_22701-24808_4-2107_901	24891
S60	paramoeba_nuc_9c47213e-a9a3-4bd8-b423-45221f6c0675_1-2364_1351	29048
S60	paramoeba_nuc_4f7562e3-280b-4809-b18d-cd20dff1ce4f_1-1988_1351	47
S60	perk_nuc_scf7180000003687_22703-23724_2-1021_1	159232
S60	perk_nuc_scf7180000003411_95621-97517_1-1896_1	34185
S60	paramoeba_nuc_9c47213e-a9a3-4bd8-b423-45221f6c0675_1-2364_1	15066
S60	paramoeba_nuc_4f7562e3-280b-4809-b18d-cd20dff1ce4f_1-1988_451	147732
S60	perk_nuc_scf7180000003687_28378-29539_1-1161_1	170790
S60	perk_nuc_scf7180000003660_28831-29439_1	10954
S60	perk_nuc_scf7180000003435_20352-22534_1-2182_901	0
S60	perk_nuc_scf7180000003435_21523-22534_1-1011_1	9926
S60	perk_nuc_scf7180000003334_14360-15471_115-1021_1	781327
S60	paramoeba_nuc_scf7180000003402_66620-67222_1	326991
S60	perk_nuc_scf7180000003316_105075-106432_82-1354_1	16712
S60	paramoeba_nuc_scf7180000003517_25093-25627_1	2563
S60	perk_nuc_scf7180000003478_19048-20119_1-1071_1	207
S60	perk_nuc_scf7180000003897_23035-23940_1-905_1	3221
S60	perk_nuc_scf7180000003532_6044-7296_4-1252_1	19876
S60	paramoeba_nuc_b2668679-a471-4ab8-bea4-f5898a7a47e4_2-467_1	8873
S60	perk_nuc_scf7180000003402_72046-72895_1	8362
S60	perk_nuc_scf7180000003709_72424-73568_3-1144_1	364439
S60	paramoeba_nuc_91d69197-72f2-4926-90b3-b5a468a5a855_27-765_1	6
S60	perk_nuc_scf7180000003560_925-2762_1-1837_901	446054
S60	perk_nuc_scf7180000003326_75881-76823_1-942_1	6604
S60	perk_nuc_scf7180000003897_16527-17683_3-1156_1	1116070
S60	perk_nuc_scf7180000003913_1473-2529_1-1056_1	233061
S60	perk_nuc_scf7180000003454_34019-35215_1-1193_1	1519
S60	perk_nuc_scf7180000003515_97413-101057_1-3580_1501	14634
S60	perk_nuc_scf7180000003515_97393-101483_18-3600_901	283817
S60	paramoeba_nuc_1470934d-65f8-451a-be8f-f65c6f0f857d_1-523_1	26727
S60	paramoeba_mito_scf7180000003282_5381-6781_1	838153
S60	paramoeba_nuc_scf7180000004653_9090-9584_1	724824
S61	paramoeba_mito_scf7180000003282_17181-17683_1	491
S61	perk_mito_lcl_KT261385.1_cds_ALR73785.1_1_2251	0
S61	paramoeba_nuc_scf7180000003537_4360-5238_1	4396
S61	paramoeba_mito_844d98a6-101b-424e-82ab-b4beb7985a5e_16-472_1	197368
S61	perk_mito_lcl_KT261385.1_cds_ALR73787.1_3_1	0
S61	paramoeba_mito_d9f872cc-4915-4218-bcca-14a2b2446441_79-629_1	891834
S61	paramoeba_mito_scf7180000003282_72335-73819_451	78242
S61	paramoeba_mito_scf7180000003282_2577-3764_451	4448
S61	paramoeba_nuc_2474b264-82c9-41bc-83f7-da2b5b94a433_93-564_1	2261
S61	paramoeba_mito_scf7180000003282_37622-38599_451	3410
S61	perk_mito_lcl_KT261384.1_cds_ALR73784.1_2_1	0
S61	perk_nuc_scf7180000003402_73894-74460_1	174250
S61	perk_nuc_scf7180000003591_3416-4408_1-990_1	201966
S61	perk_nuc_scf7180000003623_28906-30006_1-1100_1	29348
S61	perk_nuc_scf7180000003752_5410-7175_739-1757_1	71430
S61	perk_nuc_scf7180000003610_11439-12994_245-1203_1	0
S61	paramoeba_nuc_9042c6bc-20c4-4666-9a3b-25d3d5e60837_173-683_1	2
S61	perk_nuc_scf7180000003402_73455-74100_1	2820036
S61	perk_nuc_scf7180000003352_71298-72206_1-908_1	1915779
S61	perk_nuc_scf7180000003591_3414-9913_1-2291_901	30771
S61	perk_nuc_scf7180000003334_39138-40969_372-1777_1	22742
S61	paramoeba_nuc_9c47213e-a9a3-4bd8-b423-45221f6c0675_1-2364_1801	6004
S61	perk_nuc_scf7180000003602_54737-56021_1-1284_1	57498
S61	perk_nuc_scf7180000003687_22701-24808_4-2107_901	269362
S61	paramoeba_nuc_9c47213e-a9a3-4bd8-b423-45221f6c0675_1-2364_1351	9
S61	paramoeba_nuc_4f7562e3-280b-4809-b18d-cd20dff1ce4f_1-1988_1351	3
S61	perk_nuc_scf7180000003687_22703-23724_2-1021_1	279866
S61	perk_nuc_scf7180000003411_95621-97517_1-1896_1	145481
S61	paramoeba_nuc_9c47213e-a9a3-4bd8-b423-45221f6c0675_1-2364_1	129
S61	paramoeba_nuc_4f7562e3-280b-4809-b18d-cd20dff1ce4f_1-1988_451	1035
S61	perk_nuc_scf7180000003687_28378-29539_1-1161_1	152710
S61	perk_nuc_scf7180000003660_28831-29439_1	9714
S61	perk_nuc_scf7180000003435_20352-22534_1-2182_901	0
S61	perk_nuc_scf7180000003435_21523-22534_1-1011_1	77
S61	perk_nuc_scf7180000003334_14360-15471_115-1021_1	620883
S61	paramoeba_nuc_scf7180000003402_66620-67222_1	185964
S61	perk_nuc_scf7180000003316_105075-106432_82-1354_1	8078
S61	paramoeba_nuc_scf7180000003517_25093-25627_1	1541
S61	perk_nuc_scf7180000003478_19048-20119_1-1071_1	14
S61	perk_nuc_scf7180000003897_23035-23940_1-905_1	2365
S61	perk_nuc_scf7180000003532_6044-7296_4-1252_1	109035
S61	paramoeba_nuc_b2668679-a471-4ab8-bea4-f5898a7a47e4_2-467_1	20039
S61	perk_nuc_scf7180000003402_72046-72895_1	9314
S61	perk_nuc_scf7180000003709_72424-73568_3-1144_1	190627
S61	paramoeba_nuc_91d69197-72f2-4926-90b3-b5a468a5a855_27-765_1	36
S61	perk_nuc_scf7180000003560_925-2762_1-1837_901	460019
S61	perk_nuc_scf7180000003326_75881-76823_1-942_1	16433
S61	perk_nuc_scf7180000003897_16527-17683_3-1156_1	1688919
S61	perk_nuc_scf7180000003913_1473-2529_1-1056_1	290734
S61	perk_nuc_scf7180000003454_34019-35215_1-1193_1	1046
S61	perk_nuc_scf7180000003515_97413-101057_1-3580_1501	187
S61	perk_nuc_scf7180000003515_97393-101483_18-3600_901	208945
S61	paramoeba_nuc_1470934d-65f8-451a-be8f-f65c6f0f857d_1-523_1	20120
S61	paramoeba_mito_scf7180000003282_5381-6781_1	950260
S61	paramoeba_nuc_scf7180000004653_9090-9584_1	1785343
S62	paramoeba_mito_scf7180000003282_17181-17683_1	814
S62	perk_mito_lcl_KT261385.1_cds_ALR73785.1_1_2251	0
S62	paramoeba_nuc_scf7180000003537_4360-5238_1	889
S62	paramoeba_mito_844d98a6-101b-424e-82ab-b4beb7985a5e_16-472_1	116652
S62	perk_mito_lcl_KT261385.1_cds_ALR73787.1_3_1	0
S62	paramoeba_mito_d9f872cc-4915-4218-bcca-14a2b2446441_79-629_1	500957
S62	paramoeba_mito_scf7180000003282_72335-73819_451	112996
S62	paramoeba_mito_scf7180000003282_2577-3764_451	9412
S62	paramoeba_nuc_2474b264-82c9-41bc-83f7-da2b5b94a433_93-564_1	3136
S62	paramoeba_mito_scf7180000003282_37622-38599_451	7138
S62	perk_mito_lcl_KT261384.1_cds_ALR73784.1_2_1	0
S62	perk_nuc_scf7180000003402_73894-74460_1	80502
S62	perk_nuc_scf7180000003591_3416-4408_1-990_1	154498
S62	perk_nuc_scf7180000003623_28906-30006_1-1100_1	18520
S62	perk_nuc_scf7180000003752_5410-7175_739-1757_1	37896
S62	perk_nuc_scf7180000003610_11439-12994_245-1203_1	0
S62	paramoeba_nuc_9042c6bc-20c4-4666-9a3b-25d3d5e60837_173-683_1	0
S62	perk_nuc_scf7180000003402_73455-74100_1	3003859
S62	perk_nuc_scf7180000003352_71298-72206_1-908_1	1128581
S62	perk_nuc_scf7180000003591_3414-9913_1-2291_901	12306
S62	perk_nuc_scf7180000003334_39138-40969_372-1777_1	3092
S62	paramoeba_nuc_9c47213e-a9a3-4bd8-b423-45221f6c0675_1-2364_1801	7112
S62	perk_nuc_scf7180000003602_54737-56021_1-1284_1	80016
S62	perk_nuc_scf7180000003687_22701-24808_4-2107_901	141297
S62	paramoeba_nuc_9c47213e-a9a3-4bd8-b423-45221f6c0675_1-2364_1351	5
S62	paramoeba_nuc_4f7562e3-280b-4809-b18d-cd20dff1ce4f_1-1988_1351	4
S62	perk_nuc_scf7180000003687_22703-23724_2-1021_1	460015
S62	perk_nuc_scf7180000003411_95621-97517_1-1896_1	149750
S62	paramoeba_nuc_9c47213e-a9a3-4bd8-b423-45221f6c0675_1-2364_1	1826
S62	paramoeba_nuc_4f7562e3-280b-4809-b18d-cd20dff1ce4f_1-1988_451	1639
S62	perk_nuc_scf7180000003687_28378-29539_1-1161_1	268503
S62	perk_nuc_scf7180000003660_28831-29439_1	2368
S62	perk_nuc_scf7180000003435_20352-22534_1-2182_901	0
S62	perk_nuc_scf7180000003435_21523-22534_1-1011_1	128
S62	perk_nuc_scf7180000003334_14360-15471_115-1021_1	900931
S62	paramoeba_nuc_scf7180000003402_66620-67222_1	73536
S62	perk_nuc_scf7180000003316_105075-106432_82-1354_1	11183
S62	paramoeba_nuc_scf7180000003517_25093-25627_1	7261
S62	perk_nuc_scf7180000003478_19048-20119_1-1071_1	14
S62	perk_nuc_scf7180000003897_23035-23940_1-905_1	9683
S62	perk_nuc_scf7180000003532_6044-7296_4-1252_1	18723
S62	paramoeba_nuc_b2668679-a471-4ab8-bea4-f5898a7a47e4_2-467_1	18299
S62	perk_nuc_scf7180000003402_72046-72895_1	12108
S62	perk_nuc_scf7180000003709_72424-73568_3-1144_1	344787
S62	paramoeba_nuc_91d69197-72f2-4926-90b3-b5a468a5a855_27-765_1	985
S62	perk_nuc_scf7180000003560_925-2762_1-1837_901	449063
S62	perk_nuc_scf7180000003326_75881-76823_1-942_1	9818
S62	perk_nuc_scf7180000003897_16527-17683_3-1156_1	1946378
S62	perk_nuc_scf7180000003913_1473-2529_1-1056_1	295088
S62	perk_nuc_scf7180000003454_34019-35215_1-1193_1	4497
S62	perk_nuc_scf7180000003515_97413-101057_1-3580_1501	23
S62	perk_nuc_scf7180000003515_97393-101483_18-3600_901	95485
S62	paramoeba_nuc_1470934d-65f8-451a-be8f-f65c6f0f857d_1-523_1	15511
S62	paramoeba_mito_scf7180000003282_5381-6781_1	520942
S62	paramoeba_nuc_scf7180000004653_9090-9584_1	1150991
S63	paramoeba_mito_scf7180000003282_17181-17683_1	4302
S63	perk_mito_lcl_KT261385.1_cds_ALR73785.1_1_2251	0
S63	paramoeba_nuc_scf7180000003537_4360-5238_1	333
S63	paramoeba_mito_844d98a6-101b-424e-82ab-b4beb7985a5e_16-472_1	201389
S63	perk_mito_lcl_KT261385.1_cds_ALR73787.1_3_1	0
S63	paramoeba_mito_d9f872cc-4915-4218-bcca-14a2b2446441_79-629_1	440499
S63	paramoeba_mito_scf7180000003282_72335-73819_451	121952
S63	paramoeba_mito_scf7180000003282_2577-3764_451	8198
S63	paramoeba_nuc_2474b264-82c9-41bc-83f7-da2b5b94a433_93-564_1	3063
S63	paramoeba_mito_scf7180000003282_37622-38599_451	32925
S63	perk_mito_lcl_KT261384.1_cds_ALR73784.1_2_1	0
S63	perk_nuc_scf7180000003402_73894-74460_1	46552
S63	perk_nuc_scf7180000003591_3416-4408_1-990_1	55851
S63	perk_nuc_scf7180000003623_28906-30006_1-1100_1	15279
S63	perk_nuc_scf7180000003752_5410-7175_739-1757_1	35514
S63	perk_nuc_scf7180000003610_11439-12994_245-1203_1	0
S63	paramoeba_nuc_9042c6bc-20c4-4666-9a3b-25d3d5e60837_173-683_1	0
S63	perk_nuc_scf7180000003402_73455-74100_1	2788040
S63	perk_nuc_scf7180000003352_71298-72206_1-908_1	1362857
S63	perk_nuc_scf7180000003591_3414-9913_1-2291_901	7344
S63	perk_nuc_scf7180000003334_39138-40969_372-1777_1	3115
S63	paramoeba_nuc_9c47213e-a9a3-4bd8-b423-45221f6c0675_1-2364_1801	26006
S63	perk_nuc_scf7180000003602_54737-56021_1-1284_1	36461
S63	perk_nuc_scf7180000003687_22701-24808_4-2107_901	39885
S63	paramoeba_nuc_9c47213e-a9a3-4bd8-b423-45221f6c0675_1-2364_1351	1
S63	paramoeba_nuc_4f7562e3-280b-4809-b18d-cd20dff1ce4f_1-1988_1351	0
S63	perk_nuc_scf7180000003687_22703-23724_2-1021_1	94254
S63	perk_nuc_scf7180000003411_95621-97517_1-1896_1	103765
S63	paramoeba_nuc_9c47213e-a9a3-4bd8-b423-45221f6c0675_1-2364_1	2992
S63	paramoeba_nuc_4f7562e3-280b-4809-b18d-cd20dff1ce4f_1-1988_451	1329
S63	perk_nuc_scf7180000003687_28378-29539_1-1161_1	122690
S63	perk_nuc_scf7180000003660_28831-29439_1	6702
S63	perk_nuc_scf7180000003435_20352-22534_1-2182_901	0
S63	perk_nuc_scf7180000003435_21523-22534_1-1011_1	1171
S63	perk_nuc_scf7180000003334_14360-15471_115-1021_1	796288
S63	paramoeba_nuc_scf7180000003402_66620-67222_1	59040
S63	perk_nuc_scf7180000003316_105075-106432_82-1354_1	1106
S63	paramoeba_nuc_scf7180000003517_25093-25627_1	9204
S63	perk_nuc_scf7180000003478_19048-20119_1-1071_1	789
S63	perk_nuc_scf7180000003897_23035-23940_1-905_1	3326
S63	perk_nuc_scf7180000003532_6044-7296_4-1252_1	20419
S63	paramoeba_nuc_b2668679-a471-4ab8-bea4-f5898a7a47e4_2-467_1	11948
S63	perk_nuc_scf7180000003402_72046-72895_1	11618
S63	perk_nuc_scf7180000003709_72424-73568_3-1144_1	176764
S63	paramoeba_nuc_91d69197-72f2-4926-90b3-b5a468a5a855_27-765_1	490
S63	perk_nuc_scf7180000003560_925-2762_1-1837_901	199514
S63	perk_nuc_scf7180000003326_75881-76823_1-942_1	12073
S63	perk_nuc_scf7180000003897_16527-17683_3-1156_1	524580
S63	perk_nuc_scf7180000003913_1473-2529_1-1056_1	127520
S63	perk_nuc_scf7180000003454_34019-35215_1-1193_1	8755
S63	perk_nuc_scf7180000003515_97413-101057_1-3580_1501	0
S63	perk_nuc_scf7180000003515_97393-101483_18-3600_901	146759
S63	paramoeba_nuc_1470934d-65f8-451a-be8f-f65c6f0f857d_1-523_1	12698
S63	paramoeba_mito_scf7180000003282_5381-6781_1	452314
S63	paramoeba_nuc_scf7180000004653_9090-9584_1	1357289
S9	paramoeba_mito_scf7180000003282_17181-17683_1	401574
S9	perk_mito_lcl_KT261385.1_cds_ALR73785.1_1_2251	0
S9	paramoeba_nuc_scf7180000003537_4360-5238_1	67604
S9	paramoeba_mito_844d98a6-101b-424e-82ab-b4beb7985a5e_16-472_1	275696
S9	perk_mito_lcl_KT261385.1_cds_ALR73787.1_3_1	90439
S9	paramoeba_mito_d9f872cc-4915-4218-bcca-14a2b2446441_79-629_1	1020545
S9	paramoeba_mito_scf7180000003282_72335-73819_451	102504
S9	paramoeba_mito_scf7180000003282_2577-3764_451	9242
S9	paramoeba_nuc_2474b264-82c9-41bc-83f7-da2b5b94a433_93-564_1	167796
S9	paramoeba_mito_scf7180000003282_37622-38599_451	3024
S9	perk_mito_lcl_KT261384.1_cds_ALR73784.1_2_1	28666
S9	perk_nuc_scf7180000003402_73894-74460_1	45021
S9	perk_nuc_scf7180000003591_3416-4408_1-990_1	248951
S9	perk_nuc_scf7180000003623_28906-30006_1-1100_1	28908
S9	perk_nuc_scf7180000003752_5410-7175_739-1757_1	69553
S9	perk_nuc_scf7180000003610_11439-12994_245-1203_1	0
S9	paramoeba_nuc_9042c6bc-20c4-4666-9a3b-25d3d5e60837_173-683_1	6877
S9	perk_nuc_scf7180000003402_73455-74100_1	2248922
S9	perk_nuc_scf7180000003352_71298-72206_1-908_1	799941
S9	perk_nuc_scf7180000003591_3414-9913_1-2291_901	9183
S9	perk_nuc_scf7180000003334_39138-40969_372-1777_1	9952
S9	paramoeba_nuc_9c47213e-a9a3-4bd8-b423-45221f6c0675_1-2364_1801	4168
S9	perk_nuc_scf7180000003602_54737-56021_1-1284_1	121231
S9	perk_nuc_scf7180000003687_22701-24808_4-2107_901	61660
S9	paramoeba_nuc_9c47213e-a9a3-4bd8-b423-45221f6c0675_1-2364_1351	11972
S9	paramoeba_nuc_4f7562e3-280b-4809-b18d-cd20dff1ce4f_1-1988_1351	6502
S9	perk_nuc_scf7180000003687_22703-23724_2-1021_1	116396
S9	perk_nuc_scf7180000003411_95621-97517_1-1896_1	18520
S9	paramoeba_nuc_9c47213e-a9a3-4bd8-b423-45221f6c0675_1-2364_1	63370
S9	paramoeba_nuc_4f7562e3-280b-4809-b18d-cd20dff1ce4f_1-1988_451	452148
S9	perk_nuc_scf7180000003687_28378-29539_1-1161_1	648759
S9	perk_nuc_scf7180000003660_28831-29439_1	308090
S9	perk_nuc_scf7180000003435_20352-22534_1-2182_901	0
S9	perk_nuc_scf7180000003435_21523-22534_1-1011_1	98314
S9	perk_nuc_scf7180000003334_14360-15471_115-1021_1	513617
S9	paramoeba_nuc_scf7180000003402_66620-67222_1	377669
S9	perk_nuc_scf7180000003316_105075-106432_82-1354_1	93383
S9	paramoeba_nuc_scf7180000003517_25093-25627_1	8740
S9	perk_nuc_scf7180000003478_19048-20119_1-1071_1	34623
S9	perk_nuc_scf7180000003897_23035-23940_1-905_1	36571
S9	perk_nuc_scf7180000003532_6044-7296_4-1252_1	30091
S9	paramoeba_nuc_b2668679-a471-4ab8-bea4-f5898a7a47e4_2-467_1	41244
S9	perk_nuc_scf7180000003402_72046-72895_1	17700
S9	perk_nuc_scf7180000003709_72424-73568_3-1144_1	386682
S9	paramoeba_nuc_91d69197-72f2-4926-90b3-b5a468a5a855_27-765_1	1848
S9	perk_nuc_scf7180000003560_925-2762_1-1837_901	486374
S9	perk_nuc_scf7180000003326_75881-76823_1-942_1	64868
S9	perk_nuc_scf7180000003897_16527-17683_3-1156_1	110760
S9	perk_nuc_scf7180000003913_1473-2529_1-1056_1	323550
S9	perk_nuc_scf7180000003454_34019-35215_1-1193_1	11747
S9	perk_nuc_scf7180000003515_97413-101057_1-3580_1501	19921
S9	perk_nuc_scf7180000003515_97393-101483_18-3600_901	5891
S9	paramoeba_nuc_1470934d-65f8-451a-be8f-f65c6f0f857d_1-523_1	29181
S9	paramoeba_mito_scf7180000003282_5381-6781_1	1043060
S9	paramoeba_nuc_scf7180000004653_9090-9584_1	1310649
